Date,market-cap
2010-09-27,247413
2010-09-30,248763
2010-10-03,250086
2010-10-06,251415
2010-10-09,421230
2010-10-12,508122
2010-10-14,425660
2010-10-16,513456
2010-10-18,430125
2010-10-20,432350
2010-10-22,478038
2010-10-25,786303
2010-10-27,834204.5
2010-10-29,838422.5
2010-10-30,842669
2010-11-02,891440
2010-11-04,1209451.5
2010-11-06,1125400
2010-11-08,2126186
2010-11-10,1454688
2010-11-12,1096320
2010-11-14,1377150
2010-11-16,1291598
2010-11-18,1297926
2010-11-21,1350704
2010-11-24,1357185.5
2010-11-26,1363623.5
2010-11-29,1322818
2010-12-01,1234181
2010-12-03,1239927
2010-12-05,1197875
2010-12-07,1107185.5
2010-12-09,1208987.5
2010-12-12,1117409
2010-12-15,1122538
2010-12-17,1225837.5
2010-12-20,1280695
2010-12-22,1336054.5
2010-12-25,1242587.5
2010-12-28,1347988.5
2010-12-31,1504470
2011-01-02,1511145
2011-01-05,1517760
2011-01-08,1626016
2011-01-11,1684138.5
2011-01-13,1845288
2011-01-16,2059180
2011-01-19,1964657
2011-01-21,1973150
2011-01-24,2294490
2011-01-26,2251824
2011-01-29,2366527.5
2011-02-01,3221410
2011-02-04,4136613
2011-02-06,4899368
2011-02-08,4812795
2011-02-11,5799222
2011-02-13,5876844
2011-02-15,5846850
2011-02-17,5707747.5
2011-02-19,5676320
2011-02-22,4822532
2011-02-24,5227185
2011-02-26,5524350
2011-02-27,5435423
2011-03-02,5401299.5
2011-03-04,5255023
2011-03-06,5163500
2011-03-08,5127440.5
2011-03-11,5034507.5
2011-03-15,5111010
2011-03-18,4959739.5
2011-03-21,4521209.5
2011-03-25,5170725
2011-03-27,5190705
2011-03-30,4631600
2011-04-02,4649560
2011-04-04,4667440
2011-04-07,4392862.5
2011-04-10,4526984
2011-04-12,4780134
2011-04-15,5804932
2011-04-18,6599616
2011-04-21,7161120
2011-04-23,8265579
2011-04-26,10279921.5
2011-04-28,12791232
2011-04-30,18469427.5
2011-05-03,21210998.5
2011-05-05,21715288
2011-05-07,22161097
2011-05-09,24022649
2011-05-11,33358871.5
2011-05-14,52970992
2011-05-15,54773964
2011-05-17,52786310.5
2011-05-19,48470050
2011-05-21,43808923
2011-05-23,42891763.5
2011-05-24,46708125.5
2011-05-26,50422477.5
2011-05-28,56515872
2011-05-31,58244880
2011-06-02,61970678.5
2011-06-04,96779777.5
2011-06-06,122921077.5
2011-06-09,205957026
2011-06-11,219583390
2011-06-12,187734240
2011-06-14,154749413
2011-06-16,131185374.5
2011-06-18,124249515
2011-06-20,122285389.5
2011-06-22,102014154
2011-06-24,107607517
2011-06-27,117637938
2011-06-29,116953788.5
2011-07-02,113375364
2011-07-04,106064777
2011-07-07,111142620
2011-07-10,102821942
2011-07-13,98800614
2011-07-16,97276200
2011-07-19,95399605
2011-07-21,96323709
2011-07-24,96011132
2011-07-27,99153213
2011-07-30,95725080
2011-08-01,101457846
2011-08-04,88729781
2011-08-08,67092572
2011-08-11,74824237.5
2011-08-14,72880973
2011-08-18,80537551
2011-08-21,83351562.5
2011-08-24,81627402
2011-08-27,71459388
2011-08-30,67311990
2011-09-02,60770718
2011-09-05,61679508
2011-09-09,52260247.5
2011-09-12,53075124
2011-09-15,43060600
2011-09-18,36627175
2011-09-22,45227403
2011-09-25,41255577
2011-09-28,37552065
2011-10-01,39438303
2011-10-05,37262491.5
2011-10-08,35593771.5
2011-10-12,31005312
2011-10-16,29976955.5
2011-10-20,19419820
2011-10-24,24966898
2011-10-27,22023516
2011-10-31,27156375.5
2011-11-03,25869965
2011-11-06,23132424
2011-11-10,23585661
2011-11-13,23809382.5
2011-11-16,20500393.5
2011-11-19,18249000
2011-11-23,18226988
2011-11-26,19751152.5
2011-11-30,23150130
2011-12-03,24470805
2011-12-06,23139504
2011-12-09,24226681.5
2011-12-12,26498141.5
2011-12-16,25233440
2011-12-19,26572392
2011-12-22,32359704
2011-12-25,32297909
2011-12-28,32634723.5
2012-01-01,40330836
2012-01-03,43097472
2012-01-06,57709179
2012-01-09,58118400
2012-01-12,57480890
2012-01-16,57165152
2012-01-19,55295383.5
2012-01-22,53161636.5
2012-01-25,53236950
2012-01-28,46814670
2012-01-31,46206204
2012-02-03,51124448
2012-02-06,49028256
2012-02-09,48497404
2012-02-12,49629516
2012-02-16,40412306
2012-02-19,37341350
2012-02-22,37441923
2012-02-25,43518992
2012-02-28,42882312
2012-03-01,41644110
2012-03-05,41839677.5
2012-03-08,42974995
2012-03-11,42240577.5
2012-03-14,46379211
2012-03-17,46332810
2012-03-20,44998658.5
2012-03-24,41497553.5
2012-03-26,40662050
2012-03-30,42075205
2012-04-02,43233533
2012-04-05,43260624
2012-04-09,41976480
2012-04-12,43055053.5
2012-04-16,43782915
2012-04-19,45659110
2012-04-22,48086064
2012-04-26,45731790
2012-04-29,45232539.5
2012-05-02,44904384
2012-05-04,46270868
2012-05-07,45674835
2012-05-10,45794685
2012-05-14,45101022
2012-05-17,46028265
2012-05-20,46503122
2012-05-24,46982341
2012-05-27,46828692.5
2012-05-31,47219585
2012-06-03,48254184
2012-06-06,50301027
2012-06-09,52082068.5
2012-06-12,51385104
2012-06-15,55393500
2012-06-18,60255909
2012-06-21,62084203.5
2012-06-24,61768932
2012-06-27,60430536
2012-07-01,62540796
2012-07-04,62884442.5
2012-07-07,63320615
2012-07-10,65739036
2012-07-13,70434709
2012-07-16,73833630
2012-07-19,88912398.5
2012-07-22,90649360
2012-07-25,84963978
2012-07-28,85563342.5
2012-07-31,88375083
2012-08-03,97244598
2012-08-07,108171852
2012-08-09,109591627.5
2012-08-12,112671126
2012-08-15,119348130
2012-08-18,149503221.5
2012-08-21,101897950
2012-08-24,100187600
2012-08-27,107682767.5
2012-08-30,109419308
2012-09-02,102008704
2012-09-05,104528595
2012-09-08,111510451.5
2012-09-11,110488748
2012-09-15,116929680
2012-09-18,119516320
2012-09-21,126503784
2012-09-24,123007532
2012-09-27,123702656
2012-10-01,125629920
2012-10-04,130681040
2012-10-08,127261796
2012-10-11,123305440
2012-10-14,122986215
2012-10-18,122061225
2012-10-21,120922512
2012-10-24,122436314
2012-10-27,113298552
2012-10-30,112437456.5
2012-11-03,114047402
2012-11-06,112672210
2012-11-09,114906262.5
2012-11-13,116006035
2012-11-16,117416340
2012-11-19,123323379
2012-11-23,128846872
2012-11-26,132176759
2012-11-29,130764528.75
2012-12-02,133438839.75
2012-12-06,142647286.25
2012-12-09,142596729
2012-12-13,145609665
2012-12-17,143970282.5
2012-12-21,144865512.5
2012-12-24,142696921
2012-12-27,142219456.5
2012-12-30,144815580
2013-01-02,143591864
2013-01-05,143536050
2013-01-08,144862118
2013-01-12,152474123.25
2013-01-15,152958685.5
2013-01-19,170311707.5
2013-01-22,183111563.25
2013-01-25,204389577.5
2013-01-28,194002922.25
2013-01-31,215666175.75
2013-02-03,225450750
2013-02-06,224835608
2013-02-09,251760015
2013-02-12,265492208.75
2013-02-15,293265640
2013-02-17,295627117.5
2013-02-20,318522556
2013-02-23,330103557
2013-02-25,323411451
2013-02-28,338925367.25
2013-03-03,371609075
2013-03-06,441510828.75
2013-03-08,469146217.5
2013-03-11,496294440
2013-03-14,512826473.25
2013-03-16,511503125
2013-03-19,569024009
2013-03-21,720535784
2013-03-23,768543781.25
2013-03-26,811493182.5
2013-03-29,959214375
2013-03-31,1015060312.5
2013-04-03,1288971099.5
2013-04-05,1462487950
2013-04-08,1797479842.5
2013-04-11,1761625789
2013-04-13,1352213635
2013-04-16,751868265
2013-04-19,1226760900
2013-04-22,1316497000
2013-04-24,1578062812.5
2013-04-27,1518679250
2013-04-30,1603866429
2013-05-03,1147402167.5
2013-05-06,1289535228
2013-05-08,1243193075
2013-05-11,1305707620
2013-05-14,1315833329.25
2013-05-17,1310665441.5
2013-05-19,1377791190
2013-05-22,1372445512.5
2013-05-25,1494620785
2013-05-28,1454298176
2013-05-30,1484240625
2013-06-02,1452039000
2013-06-04,1371781940.5
2013-06-06,1371685845
2013-06-09,1216366963
2013-06-11,1196277500
2013-06-14,1172633582.5
2013-06-16,1126230329.25
2013-06-19,1214406391.25
2013-06-22,1243662478
2013-06-25,1166812315.5
2013-06-27,1179513400
2013-06-30,1078383474
2013-07-03,1034667161.25
2013-07-05,910444995
2013-07-08,853951875
2013-07-10,874157570
2013-07-13,1072259067.75
2013-07-16,1123659120
2013-07-18,1129343280
2013-07-21,1022795910.5
2013-07-23,1053568369.25
2013-07-26,1112041950
2013-07-29,1132644187.5
2013-07-31,1238271650
2013-08-03,1201530550
2013-08-05,1214686245
2013-08-08,1221041896.5
2013-08-10,1185435630
2013-08-12,1211978250
2013-08-14,1263443568.75
2013-08-17,1136317743.75
2013-08-19,1149583687.5
2013-08-22,1279701490.5
2013-08-24,1248691557.5
2013-08-27,1297962947.75
2013-08-29,1370436760
2013-08-31,1452257478
2013-09-02,1521544347.25
2013-09-05,1425090474.25
2013-09-08,1399067666
2013-09-10,1407423521
2013-09-12,1479132387
2013-09-14,1487595213
2013-09-17,1478016540
2013-09-19,1490218226
2013-09-22,1448238049.5
2013-09-24,1440594773.75
2013-09-26,1450823055
2013-09-29,1489185990
2013-10-02,1502402069
2013-10-04,1386358986.75
2013-10-06,1430523600
2013-10-09,1466415740
2013-10-12,1506721992.75
2013-10-14,1569919089.5
2013-10-16,1670977709.5
2013-10-18,1707214764
2013-10-20,2174781652.5
2013-10-22,2136729715
2013-10-24,2423077702.5
2013-10-27,2137998475
2013-10-29,2465865235
2013-11-01,2428186403.5
2013-11-03,2446238381.5
2013-11-05,2748471626.25
2013-11-08,3481661423
2013-11-11,3927857400
2013-11-13,4254026595
2013-11-16,4943680150.5
2013-11-19,7928985495
2013-11-22,8616525120.25
2013-11-24,9987041422.75
2013-11-27,11054482268.25
2013-11-30,13671014595
2013-12-02,11524869678
2013-12-05,13733240395
2013-12-07,9673100000
2013-12-10,10820037300
2013-12-12,10596751704
2013-12-15,10317092222
2013-12-17,8176517443.5
2013-12-20,8326377867.5
2013-12-22,7295700480.75
2013-12-25,7948920025
2013-12-28,8821298111
2013-12-31,8982446062.5
2014-01-02,9146938306
2014-01-05,10126746993
2014-01-08,9662628250
2014-01-10,10115980784
2014-01-12,10967755125
2014-01-15,10009096800
2014-01-18,9723760200
2014-01-20,10336446120
2014-01-23,10082309544
2014-01-26,9912025375
2014-01-29,9682755680
2014-02-01,9906490550
2014-02-03,10055877490
2014-02-06,9653609075
2014-02-09,8423163960
2014-02-12,8360472155
2014-02-14,7561666750
2014-02-17,7741259010
2014-02-20,7760871318.75
2014-02-23,7614734160
2014-02-25,6753503363
2014-02-28,7263170460
2014-03-03,6995249250
2014-03-06,8371224677.5
2014-03-09,7775937922.5
2014-03-12,7905121612.5
2014-03-15,7891566039
2014-03-18,7827756859.75
2014-03-21,7344683040
2014-03-24,7024716953
2014-03-27,7269619012.5
2014-03-29,6284081210
2014-04-01,5759982096
2014-04-04,5655005018
2014-04-07,5777486800
2014-04-10,5580106482.75
2014-04-13,5350888756
2014-04-15,5814940113
2014-04-18,6308930790
2014-04-21,6357521040
2014-04-24,6242504417.25
2014-04-27,5861153647
2014-05-01,5746657390
2014-05-04,5599187000
2014-05-07,5451734574
2014-05-10,5724581625
2014-05-13,5646447348.75
2014-05-16,5703884914
2014-05-18,5736566760
2014-05-21,6247228226
2014-05-24,6675525495
2014-05-27,7499565312
2014-05-30,7302717015.75
2014-06-02,8101990285.75
2014-06-05,8265604593
2014-06-08,8456674416
2014-06-11,8354167115
2014-06-14,7627046403.75
2014-06-16,7651497428.25
2014-06-19,7853764000
2014-06-22,7640861642
2014-06-25,7441089295.5
2014-06-27,7478443788.5
2014-06-30,7779110346
2014-07-03,8441343681
2014-07-07,8231395364
2014-07-10,8085692072.5
2014-07-13,8278387677
2014-07-16,8128184113.25
2014-07-19,8237033543.75
2014-07-22,8119012597.5
2014-07-25,7887672303
2014-07-28,7760466224
2014-07-31,7371026321.25
2014-08-03,7721550695.25
2014-08-07,7638541386
2014-08-10,7735640440
2014-08-12,7538071523
2014-08-15,6631292052.75
2014-08-18,6553936974.25
2014-08-21,6831977406
2014-08-24,6527745272.25
2014-08-27,6779645488
2014-08-29,6689253109.5
2014-09-01,6328781835.25
2014-09-04,6276745312.5
2014-09-07,6349879507.75
2014-09-11,6331117971.5
2014-09-13,6295430873
2014-09-16,6250856787.5
2014-09-19,5654873197
2014-09-22,5335305028.75
2014-09-25,5640112896
2014-09-28,5334706272.25
2014-10-01,5203225881
2014-10-05,4383144476.25
2014-10-08,4462690837
2014-10-11,4825449540
2014-10-14,5245711548
2014-10-17,5141392458.75
2014-10-21,5113881369.5
2014-10-24,4792829230
2014-10-27,4771474702.5
2014-10-30,4507229212.75
2014-11-02,4365600579
2014-11-04,4446464392.5
2014-11-08,4611566308.75
2014-11-11,4933974415
2014-11-14,5669728503.25
2014-11-17,5267670024.5
2014-11-20,5125826816.25
2014-11-24,4968758106
2014-11-27,4969531417.5
2014-11-30,5092202271.25
2014-12-04,5102557886.5
2014-12-07,5093741575
2014-12-10,4782377215
2014-12-13,4791869881.5
2014-12-17,4491447772
2014-12-20,4342063110
2014-12-24,4596309678.75
2014-12-27,4504472856
2014-12-30,4282438630
2015-01-02,4305436003
2015-01-05,3602349911
2015-01-08,4082485349.25
2015-01-11,3784079942.25
2015-01-14,3046650300
2015-01-17,2743915863.75
2015-01-21,2896635637.75
2015-01-24,3215586676.25
2015-01-28,3628887804
2015-01-31,3128355881.25
2015-02-03,3282790200.75
2015-02-06,2995783190.5
2015-02-09,3094449482.25
2015-02-13,3074901715.5
2015-02-16,3241513705.5
2015-02-19,3289416592
2015-02-22,3402713949.25
2015-02-25,3329677372.5
2015-02-28,3501574698.25
2015-03-03,3834820592.75
2015-03-07,3788937058.5
2015-03-10,3996456394.5
2015-03-13,4109770635
2015-03-16,4000032204
2015-03-20,3648827961.75
2015-03-23,3740688393.75
2015-03-26,3454752861
2015-03-29,3539922240
2015-04-01,3412184328
2015-04-04,3564656607.5
2015-04-07,3580015912.5
2015-04-11,3313699600
2015-04-14,3133881476.5
2015-04-18,3131242356
2015-04-21,3157111647.25
2015-04-24,3324403647
2015-04-27,3095028944
2015-05-01,3329707778.25
2015-05-04,3381909088.25
2015-05-07,3236550384.75
2015-05-10,3425977356.75
2015-05-13,3413391332.5
2015-05-17,3352922869.25
2015-05-20,3281489185
2015-05-23,3389174970
2015-05-26,3346373367.75
2015-05-30,3350948376
2015-06-02,3180052568
2015-06-05,3173527028
2015-06-08,3167578912
2015-06-11,3248923465
2015-06-14,3304431000
2015-06-18,3535021210
2015-06-21,3499264175
2015-06-24,3489404933
2015-06-27,3479625462.5
2015-07-01,3761199246
2015-07-04,3673714847
2015-07-07,3854862275.25
2015-07-10,3864689375
2015-07-13,4465227647.5
2015-07-16,4110597409.5
2015-07-19,3985415762
2015-07-23,4006367711.5
2015-07-26,4165622622
2015-07-29,4243205472
2015-08-01,4107767742
2015-08-04,4064946004
2015-08-07,4009714731
2015-08-10,3838652887.5
2015-08-14,3833452464
2015-08-17,3715131660
2015-08-20,3284584375
2015-08-23,3356256750
2015-08-26,3229942350.75
2015-08-29,3369200588
2015-09-01,3353470368.75
2015-09-04,3312238878
2015-09-08,3507898207.25
2015-09-11,3486488684.25
2015-09-14,3360524250
2015-09-17,3338738300.25
2015-09-20,3369507281.25
2015-09-23,3374650673
2015-09-27,3437318599.5
2015-09-30,3474840096
2015-10-03,3495627429.75
2015-10-06,3547161989
2015-10-09,3599514720
2015-10-12,3627370750
2015-10-15,3749052390
2015-10-19,3935159475
2015-10-22,3988789647
2015-10-25,4298398652.1875
2015-10-28,4574831683.5
2015-10-31,4865185006
2015-11-03,5952870434.75
2015-11-06,5980756010
2015-11-09,5682800508
2015-11-12,5025956787.5
2015-11-15,4787124045
2015-11-18,4978094883.15
2015-11-21,4847165266.25
2015-11-24,4783289138.25
2015-11-27,5247674441.5
2015-11-30,5774117317.3125
2015-12-03,5448222404.625
2015-12-06,5923027764.3
2015-12-08,5998119606.04167
2015-12-11,6499095095.83333
2015-12-14,6618544175
2015-12-16,6830458759
2015-12-19,6953866865
2015-12-22,6575204851.16667
2015-12-25,6809522976.91667
2015-12-28,6445063490.25
2015-12-30,6384526155
2016-01-03,6482547697.5
2016-01-05,6511485950
2016-01-08,6828042065.25
2016-01-11,6752595153.75
2016-01-14,6504414261
2016-01-17,5841608277.75
2016-01-20,6260684929.5
2016-01-23,5827199200.72422
2016-01-26,5940333630
2016-01-29,5533778148.75
2016-01-31,5650593355.5
2016-02-03,5639817600
2016-02-05,5864074625
2016-02-08,5759462620.57436
2016-02-10,5795137874.98784
2016-02-13,5919676335
2016-02-16,6107118876
2016-02-19,6386759505
2016-02-22,6684981003
2016-02-25,6471260256.1256
2016-02-29,6629137166
2016-03-03,6429311556
2016-03-06,6037946342.71784
2016-03-09,6283074129
2016-03-11,6427205446.5
2016-03-15,6367043304
2016-03-17,6407995815
2016-03-21,6256020641.62409
2016-03-24,6391927380
2016-03-27,6390642301.74196
2016-03-29,6388227267
2016-04-02,6487746714.5
2016-04-05,6455553900.25
2016-04-08,6479753971.46462
2016-04-10,6503374201.5
2016-04-13,6546318326.5
2016-04-16,6640421425
2016-04-19,6634060548.5
2016-04-22,6906562710
2016-04-25,7210150050
2016-04-29,6937725450.25
2016-05-01,7004080541.75
2016-05-04,6914302251.49433
2016-05-07,7106452761
2016-05-10,7153439040
2016-05-13,7065173963.75
2016-05-16,7109873640.88986
2016-05-19,6962944366.57203
2016-05-22,6866171585
2016-05-25,6964362493.89136
2016-05-28,7866801470
2016-05-31,8316441084.85895
2016-06-03,9000685396.53302
2016-06-06,9220467967.85621
2016-06-09,9057040153.5
2016-06-12,10223800660.7559
2016-06-15,10877561334.2972
2016-06-18,11783732472.2219
2016-06-21,11210418840.75
2016-06-24,10276168840.3237
2016-06-27,9942202913.82781
2016-06-30,10544306696.75
2016-07-03,10592150844.1593
2016-07-06,10565970655.0764
2016-07-09,10368175627.5
2016-07-12,10406507750
2016-07-15,10527922473.9752
2016-07-18,10536442613.4271
2016-07-22,10460031850
2016-07-25,10309067505
2016-07-28,10331309780.25
2016-08-01,9784963208.01433
2016-08-03,8956718549.20227
2016-08-06,8973576313.5
2016-08-09,9265233594.75452
2016-08-12,9281024331.75
2016-08-15,9034364461.875
2016-08-18,9094478562.125
2016-08-21,9198730898.62259
2016-08-24,9195229775.25
2016-08-27,9062719758.81022
2016-08-30,9121974182.75
2016-09-02,9071591202
2016-09-05,9513143549.75
2016-09-08,9935651620
2016-09-11,9872324513.625
2016-09-14,9611636874.4321
2016-09-17,9603921702.375
2016-09-20,9626459012.5
2016-09-23,9428407631.44593
2016-09-25,9485491404.54593
2016-09-28,9582288848
2016-10-01,9745445878
2016-10-04,9653998740.75
2016-10-07,9737566517.25
2016-10-10,9774214587.5
2016-10-13,10111742243.625
2016-10-16,10150006287.75
2016-10-19,9950295100
2016-10-22,10501974473.0284
2016-10-25,10428601344
2016-10-28,10930610016
2016-10-31,11249140674
2016-11-03,10827218629.9448
2016-11-06,11225573476
2016-11-09,11581483756.061
2016-11-12,11299185625
2016-11-15,11414986815.8101
2016-11-17,11857437382.5
2016-11-21,11640897601.25
2016-11-24,11828837331.3906
2016-11-27,11631129246.2964
2016-11-29,11705326955
2016-12-03,12353058224.5
2016-12-05,12067559175
2016-12-08,12319406175
2016-12-11,12269975646.25
2016-12-14,12483218611.375
2016-12-17,12648611272.75
2016-12-20,12714496745.7056
2016-12-23,14541445008
2016-12-26,14396414510.625
2016-12-29,15598122360.9305
2017-01-01,15504527100.6966
2017-01-03,16634212313.0664
2017-01-06,14136088362.4856
2017-01-09,14338766620.5
2017-01-12,12363499557.75
2017-01-15,13012302154.3622
2017-01-18,14674493550
2017-01-20,14390358323.2615
2017-01-23,14802719514
2017-01-26,14448728256.385
2017-01-28,14805526907.9732
2017-01-31,15418509356.25
2017-02-03,16258036982.8211
2017-02-06,16526157324.6282
2017-02-09,17234953129.75
2017-02-12,16243649339.9857
2017-02-15,16107501026.375
2017-02-18,17094692676.7213
2017-02-21,17675232657.4148
2017-02-24,18887423959.0978
2017-02-27,19270370830.8134
2017-03-01,19940005576.0379
2017-03-05,20519406299.3032
2017-03-08,19965776481.375
2017-03-10,18238357199.876
2017-03-13,20109899075.9438
2017-03-16,19115043460.4409
2017-03-19,16879032317.6112
2017-03-22,16170267968.6586
2017-03-25,15146685323.3882
2017-03-28,17238522675.25
2017-03-31,16986460668.75
2017-04-03,18435630596.9057
2017-04-06,18955581117.5
2017-04-09,19184925930
2017-04-12,19822682650
2017-04-15,19373700480
2017-04-18,19660293575.7129
2017-04-21,20278737780.3284
2017-04-24,20330365633.75
2017-04-27,21658962187.5
2017-04-30,21824407756.25
2017-05-03,23919255273.75
2017-05-06,25529367813.75
2017-05-09,27365813208.75
2017-05-12,29807852261.059
2017-05-14,29254188990
2017-05-17,29674185056.25
2017-05-20,32400118563.75
2017-05-23,36569733881.25
2017-05-26,42508323750
2017-05-29,36344232172.5
2017-05-31,38262888965
2017-06-03,40817863080
2017-06-06,45412842584.3984
2017-06-08,44899476011.5171
2017-06-11,48801269708.75
2017-06-14,40323837363.75
2017-06-17,43574097375
2017-06-20,44823932160
2017-06-23,44323794547.5
2017-06-27,39873986187.1427
2017-06-30,41851479678.9002
2017-07-02,41515664943.8696
2017-07-05,42811129860
2017-07-08,41285536400
2017-07-11,38419007490
2017-07-13,38497674600
2017-07-17,32721159048.75
2017-07-19,37083459420
2017-07-22,46507692500
2017-07-25,44235869968.75
2017-07-28,44300267013.75
2017-07-31,44791348950
2017-08-03,44748634293.75
2017-08-05,53505279087.5
2017-08-08,55588473535
2017-08-11,58841538997.5
2017-08-15,72669591531.25
2017-08-17,71147740460.3926
2017-08-21,67158080764.721
2017-08-24,69884001607.5
2017-08-28,71178310177.5
2017-08-31,76681672540
2017-09-03,76632863930
2017-09-05,72013994325
2017-09-08,76309941543.75
2017-09-10,71236008468.75
2017-09-13,65800709298.75
2017-09-15,58281121686.25
2017-09-18,64598127828.4405
2017-09-21,63910290727.5
2017-09-24,60826878957.5
2017-09-27,67826504895
2017-09-30,69787344035
2017-10-03,71370911720
2017-10-06,73146870785
2017-10-09,76282705800
2017-10-11,79679790176.25
2017-10-14,96415714811.25
2017-10-17,94335923401.25
2017-10-20,94714850100
2017-10-22,99693135045
2017-10-25,92086041420.0763
2017-10-28,95886242122.5
2017-10-31,103611402205
2017-11-03,120565636918.75
2017-11-06,118027287115
2017-11-09,119835300781.25
2017-11-13,110309862825
2017-11-17,133928803125
2017-11-19,134891065187.5
2017-11-22,137991076037.5
2017-11-25,141635562337.5
2017-11-28,164786627700
2017-11-30,160278917512.5
2017-12-03,187337799768.75
2017-12-05,197065564718.75
2017-12-08,251328896968.75
2017-12-11,280176938662.5
2017-12-13,275037628570.377
2017-12-16,301142134668.75
2017-12-18,309080066968.75
2017-12-21,257618759471.5
2017-12-24,224715564937.5
2017-12-27,251674861668.75
2017-12-30,220116876350
2018-01-02,228838416187.5
2018-01-05,252250556625
2018-01-08,268164707125
2018-01-10,239106888593.75
2018-01-13,236430050193.75
2018-01-15,223474884700
2018-01-18,201417252281.25
2018-01-21,205351331587.5
2018-01-23,180968117550
2018-01-26,177308469825
2018-01-29,191329310793.75
2018-02-01,169367789087.5
2018-02-03,155409205368.75
2018-02-06,111510586437.191
2018-02-09,138849739425
2018-02-12,147095186434.246
2018-02-15,163547905025
2018-02-18,183729001500
2018-02-20,184801781250
2018-02-23,167633418443.75
2018-02-26,173894448875
2018-03-01,179943375197.252
2018-03-04,189470887250
2018-03-07,181790186450
2018-03-09,152984430737.5
2018-03-12,150057178725
2018-03-15,138896889256.927
2018-03-18,126931823500
2018-03-21,151016730975
2018-03-24,151031910425
2018-03-27,133655249925
2018-03-30,115029978525
2018-04-02,118008926043.75
2018-04-05,114273784800
2018-04-08,118535328375
2018-04-11,115790659662.5
2018-04-13,135045173812.5
2018-04-16,136617273687.5
2018-04-19,139685231662.5
2018-04-22,152781140925
2018-04-25,157862051225
2018-04-28,158236199550
2018-05-01,151560365218.75
2018-05-04,165901954231.25
2018-05-07,157939409875
2018-05-10,158927330100
2018-05-13,145753972375
2018-05-16,142811185562.5
2018-05-19,140369418731.25
2018-05-22,141539982187.5
2018-05-25,129537436500
2018-05-27,124870965000
2018-05-30,124948709905.634
2018-06-02,130683239000.151
2018-06-05,127928990450
2018-06-07,131446162143.75
2018-06-11,115068613343.75
2018-06-14,110661830275
2018-06-16,111646511750
2018-06-19,114914973012.5
2018-06-22,109229138443.75
2018-06-25,105345611718.75
2018-06-28,104566287750
2018-07-01,109240933162.5
2018-07-04,115177673143.75
2018-07-07,111950467950
2018-07-10,109398090075
2018-07-13,107315907662.5
2018-07-17,115189124737.5
2018-07-19,127537458075
2018-07-22,127784491000
2018-07-25,144093350250
2018-07-27,141374571987.5
2018-07-30,135999650600
2018-08-02,130105477425
2018-08-05,119729070018.75
2018-08-08,111048658875
2018-08-11,104831197075
2018-08-13,107196379443.75
2018-08-16,110027893000
2018-08-19,111035915437.5
2018-08-22,114938588025
2018-08-25,115431966281.25
2018-08-28,118804043012.5
2018-08-31,119781500125
2018-09-03,126002472375
2018-09-06,110645220987.5
2018-09-09,106633629075
2018-09-12,108316301343.75
2018-09-15,112115411625
2018-09-18,107936276575
2018-09-21,116230472668.75
2018-09-24,115576152500
2018-09-27,112276186425
2018-09-30,113583160350
2018-10-02,113056978475
2018-10-06,113811243000
2018-10-09,114176597000
2018-10-12,107510842400
2018-10-15,111084631478.05
2018-10-18,110802505175
2018-10-21,111167110450
2018-10-25,110829488831.25
2018-10-28,111098888250
2018-10-31,108817737225
2018-11-03,110076032850
2018-11-06,111230774137.5
2018-11-09,110197897875
2018-11-12,109998415800
2018-11-16,96408338250
2018-11-19,86077928193.75
2018-11-23,75306149981.25
2018-11-26,63405640687.5
2018-11-30,69028725662.5
2018-12-04,68833065056.25
2018-12-07,58042110293.75
2018-12-11,59201275237.5
2018-12-14,55421887037.5
2018-12-17,60824723375
2018-12-20,70319131462.5
2018-12-23,69015980281.25
2018-12-26,64458582187.5
2018-12-29,67759563437.5
2019-01-01,64481863725
2019-01-03,66065159606.25
2019-01-06,70548960562.5
2019-01-09,69924945000
2019-01-12,63252972475
2019-01-15,63455879868.4481
2019-01-19,63362782862.5
2019-01-22,61817080762.5
2019-01-25,62256561281.25
2019-01-28,60070595081.25
2019-01-31,59835556837.5
2019-02-03,59985725118.75
2019-02-06,59111015193.75
2019-02-08,63160931818.75
2019-02-11,62917798487.5
2019-02-15,62639511693.75
2019-02-18,64492525150
2019-02-21,69040667325
2019-02-24,72977174250
2019-02-27,66853775250
2019-03-02,66725400625
2019-03-05,65463601193.75
2019-03-08,68173558050
2019-03-11,67456460156.25
2019-03-14,67679826500
2019-03-17,69698086293.75
2019-03-20,70239305175
2019-03-23,70199638437.5
2019-03-26,68848005406.25
2019-03-29,70640009625
2019-04-01,72556371843.75
2019-04-04,87888097350
2019-04-07,90066873850
2019-04-10,92961144881.25
2019-04-13,89461366750
2019-04-16,91501240500
2019-04-19,93268921612.5
2019-04-22,94940630400
2019-04-26,90297714400
2019-04-28,90855896381.25
2019-05-01,93748046981.25
2019-05-04,101460391875
2019-05-07,104268844125
2019-05-10,111918336600
2019-05-13,139713932500
2019-05-16,140607252775
2019-05-19,141598406068.75
2019-05-22,140446502000
2019-05-25,142625456375
2019-05-27,156833328656.25
2019-05-30,155038102593.75
2019-06-02,154491991875
2019-06-05,137613253750
2019-06-08,140992200163.652
2019-06-11,140663852587.5
2019-06-14,152526177475
2019-06-18,165612930656.25
2019-06-20,168018659250
2019-06-23,190068142468.75
2019-06-26,222880488256.25
2019-06-29,205820679418.75
2019-07-02,184862646375
2019-07-04,210005878568.75
2019-07-07,198126074102.884
2019-07-09,221578333800
2019-07-13,210067552200
2019-07-16,196366388050
2019-07-19,186792497587.5
2019-07-22,189622838981.25
2019-07-25,179844799312.5
2019-07-28,167874672325
2019-07-30,172101792295.078
2019-08-02,188116534150
2019-08-05,206577909562.5
2019-08-08,213903536000
2019-08-11,201603840025
2019-08-14,191861983343.75
2019-08-16,184411527868.65
2019-08-20,194457815100
2019-08-23,182270929687.5
2019-08-26,183544221825
2019-08-29,173333457300
2019-08-31,170826081325
2019-09-03,190270497318.75
2019-09-06,195104385700
2019-09-09,181980770562.5
2019-09-11,182233968831.25
2019-09-14,186702059506.25
2019-09-17,182991779375
2019-09-20,182419867431.25
2019-09-23,178993033256.25
2019-09-26,150127312500
2019-09-29,147011851800
2019-10-02,147416445400
2019-10-05,146131465500
2019-10-08,148765485750
2019-10-11,153891968143.75
2019-10-14,148964755500
2019-10-17,143692555218.75
2019-10-20,142395721125
2019-10-22,145851746250
2019-10-25,154749790387.5
2019-10-29,170833398500
2019-11-01,164622318168.75
2019-11-04,170766764431.25
2019-11-08,166652764018.75
2019-11-11,163266864375
2019-11-14,158101225025
2019-11-16,153248527606.25
2019-11-19,146677417150
2019-11-23,131215576087.5
2019-11-26,129132621362.5
2019-11-29,136455680000
2019-12-02,132393523912.5
2019-12-05,134249764592.995
2019-12-08,136128378750
2019-12-11,130523833287.5
2019-12-14,129667498481.25
2019-12-17,121676688000
2019-12-20,129339041675
2019-12-23,136127151112.5
2019-12-26,130342054400
2019-12-29,132448373525
2020-01-01,130729628025
2020-01-04,132447293356.25
2020-01-06,136733531375
2020-01-09,142428935250
2020-01-12,147474343687.5
2020-01-15,158824722375
2020-01-18,160698520443.75
2020-01-22,158296737625
2020-01-24,153809034581.25
2020-01-27,162329853056.25
2020-01-30,172884175200
2020-02-02,172181187656.25
2020-02-05,176446916275
2020-02-08,180396813750
2020-02-12,188009831137.5
2020-02-15,186927969356.25
2020-02-18,178711081793.75
2020-02-21,175820995687.5
2020-02-24,179028530050
2020-02-27,160131045012.5
2020-03-01,156247266037.5
2020-03-04,161021542843.75
2020-03-06,167049262500
2020-03-09,142445647500
2020-03-13,80816636600
2020-03-16,94116567268.75
2020-03-20,121206722800
2020-03-24,120612302493.75
2020-03-27,122002110900
2020-03-30,116962012725
2020-04-02,122222143243.75
2020-04-05,123531165450
2020-04-08,134564537868.75
2020-04-11,126417018487.5
2020-04-13,125795440856.25
2020-04-16,129682063537.5
2020-04-19,130261826625
2020-04-22,127522670225
2020-04-25,138540307200
2020-04-28,141976754662.5
2020-05-01,162440979525
2020-05-04,162039796250
2020-05-07,174403729806.25
2020-05-10,160575540750
2020-05-13,167318146312.5
2020-05-17,174924571359.375
2020-05-21,174702765600
2020-05-24,164185177321.875
2020-05-28,168466618575
2020-05-31,175765172781.25
2020-06-03,175819045462.5
2020-06-06,177068652581.25
2020-06-08,178521191293.75
2020-06-11,178152246459.375
2020-06-14,173697482887.5
2020-06-17,173824851887.5
2020-06-20,170702784187.5
2020-06-23,176970181881.25
2020-06-26,169289899387.5
2020-06-29,167473396387.5
2020-07-02,170141814171.875
2020-07-04,168223551781.25
2020-07-07,170717874406.25
2020-07-10,169287588337.5
2020-07-13,171045364000
2020-07-16,167218102237.5
2020-07-19,169206657328.125
2020-07-23,175151033956.25
2020-07-26,178736579043.75
2020-07-29,201506430909.375
2020-08-01,209773487237.5
2020-08-04,209878489843.75
2020-08-07,219108893809.375
2020-08-10,221725360725
2020-08-13,214873080796.875
2020-08-15,219179083200
2020-08-19,220615115475
2020-08-22,211072576825
2020-08-25,217162274234.375
2020-08-28,210867725437.5
2020-08-31,215342501493.75
2020-09-03,210921340096.875
2020-09-06,189024946500
2020-09-09,186613265100
2020-09-12,191567716328.125
2020-09-14,197420435031.25
2020-09-17,200232797175
2020-09-20,202611355625
2020-09-23,194173466895.82
2020-09-26,198277903031.25
2020-09-29,198918181265.625
2020-10-02,194561779650
2020-10-05,198551609921.875
2020-10-08,198720080281.25
2020-10-11,211246736750
2020-10-14,211157754237.5
2020-10-17,210003996406.25
2020-10-20,221732099312.5
2020-10-24,239753300175
2020-10-27,254518535006.25
2020-10-31,255807048150
2020-11-04,255872810700
2020-11-07,287589627843.75
2020-11-10,285444886768.75
2020-11-12,303889909190.625
2020-11-16,296702827746.875
2020-11-18,331411648303.125
2020-11-21,347079891940.625
2020-11-24,352947634900
2020-11-27,317215763943.75
2020-11-30,345434335378.125
2020-12-03,360668435840.625
2020-12-06,355134178071.875
2020-12-09,340370819562.5
2020-12-12,348434110650
2020-12-15,360882668128.125
2020-12-18,427016220881.25
2020-12-21,429708164840.625
2020-12-25,438569548725
2020-12-28,502718129203.125
2020-12-30,536005719840.625
2021-01-02,612558606262.5
2021-01-05,583033639668.75
2021-01-08,722947419043.75
2021-01-10,699799230312.5
2021-01-13,674039977703.125
2021-01-16,683078751000
2021-01-19,675988855018.75
2021-01-23,606793092193.75
2021-01-26,589751897568.75
2021-01-29,621444751125
2021-02-01,629457515234.375
2021-02-04,706455974125
2021-02-06,732174854043.75
2021-02-09,879145882575
2021-02-13,889848389084.375
2021-02-15,897133654309.375
2021-02-19,964241578125
2021-02-22,1054733260433.46
2021-02-25,919067972006.25
2021-02-28,842291325750
2021-03-03,966890571684.375
2021-03-06,884028490812.5
2021-03-09,1016577216600
2021-03-12,1075797485640.63
2021-03-15,1064501760156.25
2021-03-18,1105798704896.88
2021-03-21,1066678014362.5
2021-03-24,1043407366006.25
