DATE,DCOILWTICO_PC1
2010-01-04,67.70212
2010-01-05,68.32784
2010-01-06,94.43275
2010-01-07,98.17658
2010-01-08,103.34234
2010-01-11,119.22975
2010-01-12,113.89992
2010-01-13,112.82394
2010-01-14,124.08924
2010-01-15,120.35048
2010-01-18,.
2010-01-19,104.77055
2010-01-20,81.90789
2010-01-21,79.16371
2010-01-22,64.56117
2010-01-25,61.07527
2010-01-26,79.19366
2010-01-27,75.16651
2010-01-28,77.05628
2010-01-29,74.57465
2010-02-01,79.95163
2010-02-02,88.91608
2010-02-03,91.11001
2010-02-04,77.71567
2010-02-05,76.81412
2010-02-08,81.58161
2010-02-09,96.35056
2010-02-10,107.29196
2010-02-11,121.06964
2010-02-12,96.94393
2010-02-15,.
2010-02-16,120.19451
2010-02-17,122.87280
2010-02-18,99.41919
2010-02-19,102.71919
2010-02-22,112.53319
2010-02-23,102.29027
2010-02-24,91.52257
2010-02-25,80.61603
2010-02-26,80.56625
2010-03-01,96.43125
2010-03-02,91.53236
2010-03-03,78.68816
2010-03-04,84.22141
2010-03-05,79.39687
2010-03-08,74.11189
2010-03-09,78.41506
2010-03-10,93.28780
2010-03-11,75.01599
2010-03-12,75.81134
2010-03-15,68.58229
2010-03-16,66.93894
2010-03-17,72.33998
2010-03-18,59.65799
2010-03-19,56.31426
2010-03-22,53.17625
2010-03-23,53.07346
2010-03-24,53.69449
2010-03-25,48.96974
2010-03-26,52.16562
2010-03-29,68.94205
2010-03-30,65.47139
2010-03-31,72.20388
2010-04-01,60.67288
2010-04-02,.
2010-04-05,69.00196
2010-04-06,76.14492
2010-04-07,73.46567
2010-04-08,63.03599
2010-04-09,.
2010-04-12,67.40342
2010-04-13,69.25874
2010-04-14,73.81242
2010-04-15,70.60236
2010-04-16,64.75377
2010-04-19,77.91357
2010-04-20,77.87781
2010-04-21,74.60451
2010-04-22,71.04829
2010-04-23,66.51530
2010-04-26,70.82573
2010-04-27,68.19017
2010-04-28,65.80992
2010-04-29,69.15591
2010-04-30,64.94826
2010-05-03,58.29201
2010-05-04,53.74466
2010-05-05,42.12116
2010-05-06,36.19199
2010-05-07,28.20075
2010-05-10,33.05070
2010-05-11,29.85887
2010-05-12,30.43103
2010-05-13,26.97166
2010-05-14,26.69851
2010-05-17,18.79980
2010-05-18,16.56586
2010-05-19,13.76729
2010-05-20,12.87816
2010-05-21,11.25102
2010-05-24,.
2010-05-25,3.68118
2010-05-26,12.78978
2010-05-27,14.54909
2010-05-28,11.59704
2010-05-31,.
2010-06-01,6.00758
2010-06-02,10.19050
2010-06-03,8.45930
2010-06-04,4.38404
2010-06-07,5.14328
2010-06-08,2.65638
2010-06-09,4.20286
2010-06-10,3.83822
2010-06-11,2.44004
2010-06-14,6.30848
2010-06-15,9.03931
2010-06-16,9.28662
2010-06-17,7.56091
2010-06-18,10.89080
2010-06-21,16.02325
2010-06-22,12.12033
2010-06-23,11.38832
2010-06-24,8.98135
2010-06-25,13.43262
2010-06-28,9.50049
2010-06-29,8.75107
2010-06-30,9.04501
2010-07-01,9.40312
2010-07-02,.
2010-07-05,.
2010-07-06,14.44020
2010-07-07,23.10889
2010-07-08,25.01657
2010-07-09,26.94811
2010-07-12,25.53191
2010-07-13,29.41966
2010-07-14,25.25614
2010-07-15,23.52183
2010-07-16,19.50913
2010-07-19,19.70906
2010-07-20,19.30258
2010-07-21,18.10158
2010-07-22,19.53101
2010-07-23,17.50299
2010-07-26,15.49605
2010-07-27,15.19929
2010-07-28,21.50741
2010-07-29,17.04036
2010-07-30,13.84638
2010-08-02,13.49350
2010-08-03,15.57423
2010-08-04,14.61720
2010-08-05,13.95220
2010-08-06,13.66775
2010-08-09,15.39878
2010-08-10,15.51972
2010-08-11,11.42979
2010-08-12,7.24104
2010-08-13,11.67234
2010-08-16,12.66487
2010-08-17,9.44814
2010-08-18,3.92887
2010-08-19,2.83149
2010-08-20,0.45131
2010-08-23,-1.31650
2010-08-24,-0.50279
2010-08-25,0.96666
2010-08-26,1.20017
2010-08-27,3.36909
2010-08-30,6.74575
2010-08-31,5.60857
2010-09-01,8.73144
2010-09-02,10.44183
2010-09-03,9.66887
2010-09-06,.
2010-09-07,4.07991
2010-09-08,4.74253
2010-09-09,3.19666
2010-09-10,10.18171
2010-09-13,12.06796
2010-09-14,8.43101
2010-09-15,4.71724
2010-09-16,2.89735
2010-09-17,2.33495
2010-09-20,7.26986
2010-09-21,2.04196
2010-09-22,6.16817
2010-09-23,11.65196
2010-09-24,13.23016
2010-09-27,14.72485
2010-09-28,14.40805
2010-09-29,10.48822
2010-09-30,13.13146
2010-10-01,16.86246
2010-10-04,15.89809
2010-10-05,17.14043
2010-10-06,19.55460
2010-10-07,13.46073
2010-10-08,15.20557
2010-10-11,12.20644
2010-10-12,10.21592
2010-10-13,10.41223
2010-10-14,6.65377
2010-10-15,3.42501
2010-10-18,4.51743
2010-10-19,0.88754
2010-10-20,1.11070
2010-10-21,-0.97748
2010-10-22,1.29821
2010-10-25,4.31243
2010-10-26,3.96476
2010-10-27,5.82763
2010-10-28,2.95591
2010-10-29,5.72430
2010-11-01,6.22439
2010-11-02,5.44107
2010-11-03,5.16812
2010-11-04,8.60121
2010-11-05,12.20930
2010-11-08,9.60473
2010-11-09,10.16327
2010-11-10,10.87671
2010-11-11,13.61812
2010-11-12,11.19990
2010-11-15,7.56558
2010-11-16,4.10976
2010-11-17,1.10622
2010-11-18,5.69253
2010-11-19,6.27359
2010-11-22,6.20996
2010-11-23,7.89263
2010-11-24,7.71521
2010-11-25,.
2010-11-26,10.42791
2010-11-29,11.06361
2010-11-30,7.30961
2010-12-01,13.22109
2010-12-02,15.12693
2010-12-03,18.26018
2010-12-06,20.89593
2010-12-07,22.17936
2010-12-08,24.94694
2010-12-09,25.24809
2010-12-10,25.69425
2010-12-13,27.54750
2010-12-14,25.07788
2010-12-15,22.05396
2010-12-16,20.84596
2010-12-17,20.08186
2010-12-20,21.96397
2010-12-21,21.52967
2010-12-22,18.15073
2010-12-23,18.23506
2010-12-24,.
2010-12-27,15.66035
2010-12-28,15.98834
2010-12-29,14.84562
2010-12-30,13.17546
2010-12-31,.
2011-01-03,12.35280
2011-01-04,9.35894
2011-01-05,8.63811
2011-01-06,6.98547
2011-01-07,6.44187
2011-01-10,8.11728
2011-01-11,12.77386
2011-01-12,15.30254
2011-01-13,15.17328
2011-01-14,17.40636
2011-01-17,.
2011-01-18,15.70018
2011-01-19,17.34694
2011-01-20,16.77215
2011-01-21,18.81481
2011-01-24,15.80774
2011-01-25,13.94134
2011-01-26,16.98805
2011-01-27,14.71068
2011-01-28,21.00206
2011-01-31,22.28195
2011-02-01,15.96943
2011-02-02,16.65800
2011-02-03,22.27540
2011-02-04,23.49965
2011-02-07,20.07792
2011-02-08,16.46995
2011-02-09,14.91676
2011-02-10,13.57171
2011-02-11,13.87127
2011-02-14,.
2011-02-15,7.98909
2011-02-16,8.45089
2011-02-17,7.69913
2011-02-18,6.59396
2011-02-21,.
2011-02-22,17.86032
2011-02-23,20.42633
2011-02-24,22.87473
2011-02-25,21.07376
2011-02-28,23.36425
2011-03-01,25.13188
2011-03-02,26.39970
2011-03-03,27.06645
2011-03-04,28.02454
2011-03-07,28.73549
2011-03-08,28.90798
2011-03-09,27.19630
2011-03-10,25.12789
2011-03-11,24.46468
2011-03-14,26.83294
2011-03-15,18.93578
2011-03-16,18.15989
2011-03-17,23.50292
2011-03-18,25.41574
2011-03-21,25.96603
2011-03-22,27.97502
2011-03-23,31.03749
2011-03-24,30.89097
2011-03-25,31.52351
2011-03-28,26.39160
2011-03-29,27.02703
2011-03-30,24.38586
2011-03-31,25.62404
2011-04-01,.
2011-04-04,25.22001
2011-04-05,24.58979
2011-04-06,26.55301
2011-04-07,28.94212
2011-04-08,32.70686
2011-04-11,30.24860
2011-04-12,26.19332
2011-04-13,24.50362
2011-04-14,26.36950
2011-04-15,31.57768
2011-04-18,30.88813
2011-04-19,29.16365
2011-04-20,33.89708
2011-04-21,34.78104
2011-04-22,.
2011-04-25,32.63658
2011-04-26,35.53318
2011-04-27,34.95554
2011-04-28,31.94787
2011-04-29,31.74161
2011-05-02,31.14050
2011-05-03,33.68790
2011-05-04,35.98750
2011-05-05,29.42472
2011-05-06,28.98802
2011-05-09,30.47210
2011-05-10,35.38038
2011-05-11,29.38533
2011-05-12,32.46841
2011-05-13,38.54210
2011-05-16,38.28482
2011-05-17,38.94494
2011-05-18,42.35446
2011-05-19,43.51201
2011-05-20,45.74452
2011-05-23,42.25414
2011-05-24,53.02563
2011-05-25,40.91163
2011-05-26,34.36159
2011-05-27,35.91892
2011-05-30,.
2011-05-31,41.26547
2011-06-01,37.62349
2011-06-02,34.56178
2011-06-03,40.38919
2011-06-06,38.46261
2011-06-07,37.97997
2011-06-08,35.47997
2011-06-09,35.06889
2011-06-10,34.38896
2011-06-13,29.61728
2011-06-14,29.32067
2011-06-15,22.09347
2011-06-16,23.60062
2011-06-17,20.52345
2011-06-20,19.77133
2011-06-21,21.45172
2011-06-22,25.11199
2011-06-23,19.40495
2011-06-24,15.85723
2011-06-27,15.83184
2011-06-28,22.34953
2011-06-29,25.47956
2011-06-30,30.63742
2011-07-01,31.57091
2011-07-04,.
2011-07-05,34.68594
2011-07-06,30.54693
2011-07-07,30.79777
2011-07-08,26.44585
2011-07-11,26.99853
2011-07-12,26.24417
2011-07-13,27.29161
2011-07-14,24.88587
2011-07-15,28.01474
2011-07-18,25.36260
2011-07-19,26.08639
2011-07-20,28.63511
2011-07-21,25.24997
2011-07-22,26.49975
2011-07-25,25.38959
2011-07-26,28.59540
2011-07-27,26.39502
2011-07-28,24.49553
2011-07-29,21.34432
2011-08-01,16.89846
2011-08-02,13.64518
2011-08-03,11.37108
2011-08-04,5.79268
2011-08-05,7.71043
2011-08-08,-0.23324
2011-08-09,-1.14656
2011-08-10,6.35165
2011-08-11,12.94926
2011-08-12,12.99907
2011-08-15,16.90834
2011-08-16,14.37434
2011-08-17,16.16925
2011-08-18,10.65144
2011-08-19,12.08986
2011-08-22,16.10507
2011-08-23,19.80629
2011-08-24,17.92702
2011-08-25,16.07143
2011-08-26,13.56924
2011-08-29,16.84295
2011-08-30,23.59238
2011-08-31,20.06219
2011-09-01,18.58915
2011-09-02,16.00913
2011-09-05,.
2011-09-06,16.23412
2011-09-07,19.67850
2011-09-08,19.93266
2011-09-09,14.18848
2011-09-12,14.28016
2011-09-13,17.49153
2011-09-14,17.11012
2011-09-15,19.87128
2011-09-16,19.46218
2011-09-19,14.55688
2011-09-20,19.13377
2011-09-21,17.52535
2011-09-22,9.38692
2011-09-23,6.63272
2011-09-26,4.52228
2011-09-27,10.54498
2011-09-28,3.96917
2011-09-29,2.40150
2011-09-30,-3.23648
2011-10-03,-5.02272
2011-10-04,-8.97018
2011-10-05,-4.56676
2011-10-06,1.20482
2011-10-07,0.04839
2011-10-10,3.60185
2011-10-11,4.73858
2011-10-12,2.73395
2011-10-13,1.51130
2011-10-14,6.85707
2011-10-17,3.99711
2011-10-18,11.02174
2011-10-19,5.10192
2011-10-20,7.54717
2011-10-21,7.44301
2011-10-24,11.12195
2011-10-25,12.56659
2011-10-26,10.13431
2011-10-27,14.30657
2011-10-28,14.57336
2011-10-31,12.35833
2011-11-01,9.86772
2011-11-02,9.54411
2011-11-03,8.76402
2011-11-04,8.53195
2011-11-07,9.70484
2011-11-08,11.21324
2011-11-09,9.08055
2011-11-10,11.40481
2011-11-11,16.60973
2011-11-14,15.62205
2011-11-15,20.69719
2011-11-16,27.55191
2011-11-17,20.68881
2011-11-18,19.62033
2011-11-21,19.06696
2011-11-22,21.00507
2011-11-23,15.56303
2011-11-24,.
2011-11-25,15.54787
2011-11-28,14.55733
2011-11-29,18.62815
2011-11-30,15.68876
2011-12-01,13.88952
2011-12-02,13.22045
2011-12-05,12.99675
2011-12-06,14.16169
2011-12-07,13.75991
2011-12-08,11.31862
2011-12-09,13.19895
2011-12-12,10.32498
2011-12-13,13.48353
2011-12-14,7.06068
2011-12-15,6.98894
2011-12-16,6.28266
2011-12-19,5.84123
2011-12-20,8.80179
2011-12-21,9.69609
2011-12-22,9.44518
2011-12-23,.
2011-12-26,.
2011-12-27,10.72366
2011-12-28,9.11884
2011-12-29,10.94046
2011-12-30,8.15277
2012-01-02,.
2012-01-03,15.18067
2012-01-04,14.30786
2012-01-05,15.20878
2012-01-06,15.31736
2012-01-09,13.52532
2012-01-10,12.21600
2012-01-11,9.84213
2012-01-12,8.35978
2012-01-13,7.82257
2012-01-16,.
2012-01-17,10.19917
2012-01-18,10.74298
2012-01-19,13.27913
2012-01-20,11.25595
2012-01-23,14.67604
2012-01-24,16.17301
2012-01-25,15.18282
2012-01-26,18.12907
2012-01-27,12.84175
2012-01-30,8.52841
2012-01-31,9.96203
2012-02-01,8.74360
2012-02-02,7.76113
2012-02-03,11.30079
2012-02-06,12.27115
2012-02-07,14.79324
2012-02-08,15.43405
2012-02-09,16.90075
2012-02-10,16.93329
2012-02-13,19.99761
2012-02-14,21.27992
2012-02-15,21.50358
2012-02-16,20.31746
2012-02-17,21.45125
2012-02-20,.
2012-02-21,14.27955
2012-02-22,10.36027
2012-02-23,12.11520
2012-02-24,13.33402
2012-02-27,11.73018
2012-02-28,6.98585
2012-02-29,4.70324
2012-03-01,6.71115
2012-03-02,2.24267
2012-03-05,1.26222
2012-03-06,-0.33314
2012-03-07,1.69556
2012-03-08,3.81583
2012-03-09,6.18944
2012-03-12,5.07905
2012-03-13,9.73979
2012-03-14,7.65384
2012-03-15,3.66611
2012-03-16,5.90738
2012-03-19,5.59789
2012-03-20,1.10016
2012-03-21,1.57780
2012-03-22,-0.05712
2012-03-23,1.46820
2012-03-26,3.40931
2012-03-27,2.85605
2012-03-28,1.54143
2012-03-29,-3.20181
2012-03-30,-4.20270
2012-04-02,-2.67246
2012-04-03,-3.52439
2012-04-04,-6.32035
2012-04-05,-5.94609
2012-04-06,.
2012-04-09,-6.43836
2012-04-10,-4.37825
2012-04-11,-3.69606
2012-04-12,-3.75012
2012-04-13,-5.79830
2012-04-16,-3.54264
2012-04-17,-2.75238
2012-04-18,-7.38903
2012-04-19,-8.36019
2012-04-20,.
2012-04-23,-8.05874
2012-04-24,-7.71572
2012-04-25,-7.64847
2012-04-26,-6.95853
2012-04-27,-7.52271
2012-04-30,-7.20163
2012-05-01,-4.00542
2012-05-02,-3.25398
2012-05-03,2.67294
2012-05-04,1.67234
2012-05-07,-2.45215
2012-05-08,-6.05474
2012-05-09,-1.10339
2012-05-10,-1.45133
2012-05-11,-3.20532
2012-05-14,-2.22887
2012-05-15,-2.52075
2012-05-16,-6.77251
2012-05-17,-5.57200
2012-05-18,-7.70550
2012-05-21,-4.62600
2012-05-22,-7.75749
2012-05-23,-11.29192
2012-05-24,-9.80236
2012-05-25,-9.88268
2012-05-28,.
2012-05-29,-11.63583
2012-05-30,-12.47258
2012-05-31,-13.83328
2012-06-01,-17.06223
2012-06-04,-15.26194
2012-06-05,-14.99294
2012-06-06,-15.59988
2012-06-07,-16.84159
2012-06-08,-15.32729
2012-06-11,-15.04115
2012-06-12,-16.12157
2012-06-13,-12.93894
2012-06-14,-11.71143
2012-06-15,-9.66459
2012-06-18,-10.69398
2012-06-19,-10.36286
2012-06-20,-14.63774
2012-06-21,-14.10143
2012-06-22,-12.71867
2012-06-25,-13.11638
2012-06-26,-14.59634
2012-06-27,-15.37164
2012-06-28,-18.44701
2012-06-29,-10.30482
2012-07-02,.
2012-07-03,-9.47173
2012-07-04,.
2012-07-05,-11.74265
2012-07-06,-12.29730
2012-07-09,-9.69945
2012-07-10,-13.84868
2012-07-11,-12.40310
2012-07-12,-10.16188
2012-07-13,-10.37639
2012-07-16,-7.84866
2012-07-17,-8.63678
2012-07-18,-8.38854
2012-07-19,-6.24495
2012-07-20,-8.00764
2012-07-23,-11.31656
2012-07-24,-11.37436
2012-07-25,-8.82957
2012-07-26,-8.28888
2012-07-27,-5.80059
2012-07-30,-5.45378
2012-07-31,-6.07806
2012-08-01,-3.13486
2012-08-02,0.54179
2012-08-03,5.19047
2012-08-06,13.57204
2012-08-07,18.10388
2012-08-08,12.45033
2012-08-09,9.25363
2012-08-10,9.09731
2012-08-13,5.55303
2012-08-14,7.78996
2012-08-15,7.73008
2012-08-16,16.12042
2012-08-17,16.60391
2012-08-20,13.75267
2012-08-21,13.12244
2012-08-22,14.00165
2012-08-23,12.58955
2012-08-24,12.19398
2012-08-27,9.47634
2012-08-28,8.32396
2012-08-29,7.53294
2012-08-30,6.38705
2012-08-31,11.59051
2012-09-03,.
2012-09-04,10.87336
2012-09-05,6.74950
2012-09-06,7.33296
2012-09-07,10.51123
2012-09-10,9.44552
2012-09-11,7.56014
2012-09-12,9.12158
2012-09-13,9.95526
2012-09-14,12.48295
2012-09-17,12.61377
2012-09-18,9.58353
2012-09-19,7.22863
2012-09-20,14.75900
2012-09-21,16.41116
2012-09-24,14.64299
2012-09-25,8.18484
2012-09-26,11.09464
2012-09-27,12.23892
2012-09-28,16.78703
2012-10-01,19.52418
2012-10-02,21.85676
2012-10-03,11.05654
2012-10-04,11.38241
2012-10-05,8.66989
2012-10-08,5.03876
2012-10-09,8.04302
2012-10-10,6.96366
2012-10-11,9.80229
2012-10-12,5.79493
2012-10-15,6.32091
2012-10-16,4.22232
2012-10-17,6.88654
2012-10-18,6.88974
2012-10-19,3.22285
2012-10-22,-3.09482
2012-10-23,-6.80792
2012-10-24,-5.33259
2012-10-25,-8.90805
2012-10-26,-8.01543
2012-10-29,-8.23050
2012-10-30,-7.09404
2012-10-31,-6.78846
2012-11-01,-7.46253
2012-11-02,-9.92998
2012-11-05,-10.34338
2012-11-06,-8.45041
2012-11-07,-11.74013
2012-11-08,-12.99857
2012-11-09,-13.04172
2012-11-12,-12.81842
2012-11-13,-14.07870
2012-11-14,-15.85925
2012-11-15,-13.52965
2012-11-16,-11.31361
2012-11-19,-7.93963
2012-11-20,-11.55892
2012-11-21,-9.44260
2012-11-22,.
2012-11-23,-10.21566
2012-11-26,-11.12921
2012-11-27,-13.00732
2012-11-28,-14.20885
2012-11-29,-12.53493
2012-11-30,-12.31059
2012-12-03,-12.13592
2012-12-04,-13.04691
2012-12-05,-13.03136
2012-12-06,-13.09609
2012-12-07,-14.03421
2012-12-10,-12.91807
2012-12-11,-14.84437
2012-12-12,-9.02866
2012-12-13,-9.00469
2012-12-14,-7.72849
2012-12-17,-7.61773
2012-12-18,-9.98353
2012-12-19,-9.59001
2012-12-20,-9.71635
2012-12-21,-11.55235
2012-12-24,.
2012-12-25,.
2012-12-26,-8.77916
2012-12-27,-8.79815
2012-12-28,-8.26672
2012-12-31,.
2013-01-01,.
2013-01-02,-9.76555
2013-01-03,-8.68284
2013-01-04,-8.31036
2013-01-07,-8.00513
2013-01-08,-8.83216
2013-01-09,-7.74110
2013-01-10,-5.27113
2013-01-11,-5.15756
2013-01-14,.
2013-01-15,-7.38828
2013-01-16,-6.29162
2013-01-17,-4.81459
2013-01-18,-2.58788
2013-01-21,.
2013-01-22,-2.78227
2013-01-23,-4.20236
2013-01-24,-4.42061
2013-01-25,-4.34302
2013-01-28,-2.83544
2013-01-29,-0.85314
2013-01-30,0.35850
2013-01-31,1.33873
2013-02-01,-0.34765
2013-02-04,-0.70183
2013-02-05,-1.89751
2013-02-06,-2.38866
2013-02-07,-4.04485
2013-02-08,-3.00973
2013-02-11,-3.36687
2013-02-12,-3.31283
2013-02-13,-4.70438
2013-02-14,-4.91547
2013-02-15,-7.08822
2013-02-18,.
2013-02-19,-8.67964
2013-02-20,-10.44438
2013-02-21,-13.63552
2013-02-22,-14.87339
2013-02-25,-14.51747
2013-02-26,-13.09691
2013-02-27,-13.29847
2013-02-28,-15.38249
2013-03-01,-14.97000
2013-03-04,-15.52952
2013-03-05,-13.20791
2013-03-06,-14.77958
2013-03-07,-14.17722
2013-03-08,-14.32961
2013-03-11,-13.41922
2013-03-12,-13.36457
2013-03-13,-12.34240
2013-03-14,-11.56003
2013-03-15,-12.65066
2013-03-18,-13.30373
2013-03-19,-12.52839
2013-03-20,-12.78188
2013-03-21,-11.92608
2013-03-22,-12.23339
2013-03-25,-11.69328
2013-03-26,-10.55721
2013-03-27,-8.41556
2013-03-28,-5.39936
2013-03-29,.
2013-04-01,-7.74347
2013-04-02,-6.52759
2013-04-03,-6.41190
2013-04-04,-9.71052
2013-04-05,.
2013-04-08,-8.87262
2013-04-09,-6.86313
2013-04-10,-7.86090
2013-04-11,-9.88523
2013-04-12,-11.28938
2013-04-15,-13.76798
2013-04-16,-14.87096
2013-04-17,-15.58695
2013-04-18,-14.21176
2013-04-19,-15.00290
2013-04-22,-13.50799
2013-04-23,-13.47236
2013-04-24,-12.19630
2013-04-25,-10.79763
2013-04-26,-11.66317
2013-04-29,-10.29650
2013-04-30,-12.19742
2013-05-01,-13.78622
2013-05-02,-8.63885
2013-05-03,-3.28967
2013-05-06,-2.10505
2013-05-07,-1.90466
2013-05-08,-0.57851
2013-05-09,-1.04016
2013-05-10,-0.22910
2013-05-13,0.01055
2013-05-14,-0.01064
2013-05-15,1.26105
2013-05-16,2.50729
2013-05-17,4.60059
2013-05-20,4.01858
2013-05-21,4.49475
2013-05-22,5.12304
2013-05-23,4.16113
2013-05-24,3.53045
2013-05-27,.
2013-05-28,4.29752
2013-05-29,6.08270
2013-05-30,8.14840
2013-05-31,10.53264
2013-06-03,11.26861
2013-06-04,10.73420
2013-06-05,10.12346
2013-06-06,11.71267
2013-06-07,14.30780
2013-06-10,16.03294
2013-06-11,14.57708
2013-06-12,16.25484
2013-06-13,15.30478
2013-06-14,16.42271
2013-06-17,17.53543
2013-06-18,17.22824
2013-06-19,21.19418
2013-06-20,21.79438
2013-06-21,18.25287
2013-06-24,20.70848
2013-06-25,20.05294
2013-06-26,18.93609
2013-06-27,24.80700
2013-06-28,13.31138
2013-07-01,16.98519
2013-07-02,13.57420
2013-07-03,.
2013-07-04,.
2013-07-05,22.18798
2013-07-08,19.89992
2013-07-09,23.28408
2013-07-10,23.90545
2013-07-11,21.79726
2013-07-12,21.45726
2013-07-15,20.12216
2013-07-16,18.87280
2013-07-17,18.36894
2013-07-18,16.33973
2013-07-19,17.95544
2013-07-22,21.46519
2013-07-23,21.35251
2013-07-24,18.70495
2013-07-25,17.97539
2013-07-26,16.23211
2013-07-29,16.49220
2013-07-30,17.09809
2013-07-31,18.10316
2013-08-01,23.74455
2013-08-02,17.00219
2013-08-05,15.50379
2013-08-06,12.42528
2013-08-07,11.79998
2013-08-08,10.77203
2013-08-09,14.09512
2013-08-12,14.47822
2013-08-13,14.32548
2013-08-14,13.29094
2013-08-15,12.30399
2013-08-16,12.06250
2013-08-19,11.56930
2013-08-20,8.64837
2013-08-21,7.26597
2013-08-22,9.45030
2013-08-23,11.17143
2013-08-26,10.82269
2013-08-27,13.30218
2013-08-28,15.36126
2013-08-29,14.69189
2013-08-30,11.93117
2013-09-02,.
2013-09-03,13.98154
2013-09-04,12.49869
2013-09-05,13.51747
2013-09-06,14.73913
2013-09-09,13.57232
2013-09-10,10.76986
2013-09-11,10.95650
2013-09-12,10.60020
2013-09-13,9.47039
2013-09-16,10.39271
2013-09-17,10.61417
2013-09-18,17.67968
2013-09-19,15.32451
2013-09-20,13.01813
2013-09-23,13.02356
2013-09-24,13.34139
2013-09-25,14.19039
2013-09-26,12.19937
2013-09-27,11.58603
2013-09-30,10.73129
2013-10-01,11.11232
2013-10-02,18.09729
2013-10-03,12.65133
2013-10-04,15.53355
2013-10-07,15.25215
2013-10-08,12.03203
2013-10-09,11.38755
2013-10-10,11.81256
2013-10-11,11.25994
2013-10-14,11.56359
2013-10-15,9.86206
2013-10-16,11.19079
2013-10-17,9.47826
2013-10-18,12.07778
2013-10-21,12.43488
2013-10-22,12.67167
2013-10-23,13.47933
2013-10-24,12.92207
2013-10-25,13.46692
2013-10-28,15.45837
2013-10-29,14.75773
2013-10-30,12.26951
2013-10-31,10.61459
2013-11-01,11.37809
2013-11-04,10.43905
2013-11-05,5.39382
2013-11-06,12.11834
2013-11-07,10.79111
2013-11-08,9.85130
2013-11-11,11.18513
2013-11-12,9.06535
2013-11-13,8.79286
2013-11-14,9.72499
2013-11-15,8.28908
2013-11-18,4.46940
2013-11-19,7.96900
2013-11-20,7.18879
2013-11-21,.
2013-11-22,8.64268
2013-11-25,7.53896
2013-11-26,7.60281
2013-11-27,6.91057
2013-11-28,.
2013-11-29,4.52903
2013-12-02,5.54741
2013-12-03,8.84825
2013-12-04,11.00046
2013-12-05,13.65391
2013-12-06,14.07841
2013-12-09,14.04745
2013-12-10,15.18276
2013-12-11,12.62305
2013-12-12,13.84237
2013-12-13,11.52688
2013-12-16,12.07473
2013-12-17,10.89641
2013-12-18,9.54091
2013-12-19,9.62567
2013-12-20,12.36961
2013-12-23,11.70008
2013-12-24,.
2013-12-25,.
2013-12-26,9.09691
2013-12-27,10.23605
2013-12-30,7.69901
2013-12-31,.
2014-01-01,.
2014-01-02,2.33409
2014-01-03,0.57990
2014-01-06,-0.08584
2014-01-07,0.10728
2014-01-08,-1.26773
2014-01-09,-2.61166
2014-01-10,-1.29274
2014-01-13,-2.99141
2014-01-14,-1.19022
2014-01-15,-0.53034
2014-01-16,-2.04210
2014-01-17,-1.72576
2014-01-20,.
2014-01-21,-1.64429
2014-01-22,1.35704
2014-01-23,1.97168
2014-01-24,1.58697
2014-01-27,-0.13549
2014-01-28,-0.13317
2014-01-29,-0.65319
2014-01-30,0.61444
2014-01-31,0.09235
2014-02-03,0.23906
2014-02-04,0.57923
2014-02-05,0.99544
2014-02-06,2.08681
2014-02-07,4.46139
2014-02-10,3.20586
2014-02-11,2.54411
2014-02-12,3.45254
2014-02-13,3.05242
2014-02-14,4.54403
2014-02-17,.
2014-02-18,6.05026
2014-02-19,8.99705
2014-02-20,11.21888
2014-02-21,10.10524
2014-02-24,11.24650
2014-02-25,10.33143
2014-02-26,10.86816
2014-02-27,11.57231
2014-02-28,13.41638
2014-03-03,16.87562
2014-03-04,14.04049
2014-03-05,12.46822
2014-03-06,11.24222
2014-03-07,11.74872
2014-03-10,10.12273
2014-03-11,8.49199
2014-03-12,6.29393
2014-03-13,5.95507
2014-03-14,6.13969
2014-03-17,5.03682
2014-03-18,8.26482
2014-03-19,8.04635
2014-03-20,7.80878
2014-03-21,7.02280
2014-03-24,5.81703
2014-03-25,3.82331
2014-03-26,4.22667
2014-03-27,4.12382
2014-03-28,.
2014-03-31,4.60350
2014-04-01,2.53008
2014-04-02,4.82004
2014-04-03,7.53807
2014-04-04,9.05563
2014-04-07,7.57284
2014-04-08,8.90847
2014-04-09,9.47246
2014-04-10,10.62714
2014-04-11,13.64683
2014-04-14,17.23944
2014-04-15,16.87141
2014-04-16,19.68840
2014-04-17,18.78629
2014-04-18,.
2014-04-21,17.49803
2014-04-22,13.98946
2014-04-23,11.41979
2014-04-24,9.57435
2014-04-25,8.87401
2014-04-28,7.48220
2014-04-29,8.94658
2014-04-30,10.28212
2014-05-01,6.39274
2014-05-02,5.08136
2014-05-05,4.11273
2014-05-06,4.75441
2014-05-07,5.00831
2014-05-08,4.61026
2014-05-09,4.70723
2014-05-12,6.46897
2014-05-13,8.56748
2014-05-14,9.23896
2014-05-15,7.26410
2014-05-16,6.88466
2014-05-19,6.91661
2014-05-20,7.58765
2014-05-21,10.99170
2014-05-22,10.52911
2014-05-23,11.90324
2014-05-26,.
2014-05-27,10.70259
2014-05-28,10.99538
2014-05-29,11.42460
2014-05-30,12.47688
2014-06-02,10.34151
2014-06-03,10.68980
2014-06-04,10.26052
2014-06-05,8.93253
2014-06-06,7.50182
2014-06-09,9.67439
2014-06-10,9.96859
2014-06-11,9.43947
2014-06-12,10.90420
2014-06-13,9.87427
2014-06-16,9.87124
2014-06-17,8.62279
2014-06-18,8.55049
2014-06-19,12.84645
2014-06-20,15.07302
2014-06-23,12.36983
2014-06-24,11.95801
2014-06-25,12.11899
2014-06-26,9.78351
2014-06-27,10.48153
2014-06-30,8.30100
2014-07-01,6.43251
2014-07-02,3.19859
2014-07-03,.
2014-07-04,.
2014-07-07,1.12589
2014-07-08,0.57993
2014-07-09,-3.27037
2014-07-10,-1.10719
2014-07-11,-4.12848
2014-07-14,-4.20904
2014-07-15,-5.02456
2014-07-16,-4.23912
2014-07-17,-3.79841
2014-07-18,-3.86111
2014-07-21,-1.19126
2014-07-22,-2.37095
2014-07-23,-1.51788
2014-07-24,-2.56945
2014-07-25,0.44864
2014-07-28,1.02285
2014-07-29,1.71611
2014-07-30,-0.77069
2014-07-31,-8.98731
2014-08-01,-8.49074
2014-08-04,-7.83229
2014-08-05,-7.57691
2014-08-06,-7.16406
2014-08-07,-5.90623
2014-08-08,-7.94983
2014-08-11,-7.62784
2014-08-12,-8.82188
2014-08-13,-8.71924
2014-08-14,-11.06767
2014-08-15,-9.55568
2014-08-18,-9.98693
2014-08-19,-10.05720
2014-08-20,-7.24526
2014-08-21,-10.44506
2014-08-22,-12.08678
2014-08-25,-9.90744
2014-08-26,-12.21703
2014-08-27,-13.02532
2014-08-28,-11.12340
2014-08-29,-9.37211
2014-09-01,.
2014-09-02,-14.49342
2014-09-03,-10.98891
2014-09-04,-12.89401
2014-09-05,-15.63912
2014-09-08,-15.48987
2014-09-09,-13.72348
2014-09-10,-14.80725
2014-09-11,-14.56034
2014-09-12,-14.89244
2014-09-15,-12.84025
2014-09-16,-9.91838
2014-09-17,-12.84302
2014-09-18,-12.41295
2014-09-19,-11.71920
2014-09-22,-11.73519
2014-09-23,-11.30595
2014-09-24,-8.84301
2014-09-25,-9.22405
2014-09-26,-7.10675
2014-09-29,-7.64947
2014-09-30,-10.69644
2014-10-01,-12.87566
2014-10-02,-11.87918
2014-10-03,-13.55100
2014-10-06,-12.36053
2014-10-07,-14.14912
2014-10-08,-14.11001
2014-10-09,-16.80248
2014-10-10,-15.95380
2014-10-13,-16.32832
2014-10-14,-19.20910
2014-10-15,-20.05081
2014-10-16,-18.25854
2014-10-17,-17.91415
2014-10-20,-16.63981
2014-10-21,-14.72908
2014-10-22,-16.90402
2014-10-23,-14.31971
2014-10-24,-16.56057
2014-10-27,-17.70306
2014-10-28,-17.22454
2014-10-29,-15.03977
2014-10-30,-15.81680
2014-10-31,-14.83714
2014-11-03,-16.71601
2014-11-04,-17.39829
2014-11-05,-16.91999
2014-11-06,-17.37931
2014-11-07,-16.76184
2014-11-10,-18.60612
2014-11-11,-16.39820
2014-11-12,-17.83623
2014-11-13,-20.93643
2014-11-14,-19.07249
2014-11-17,-18.69289
2014-11-18,-20.13926
2014-11-19,-20.13070
2014-11-20,-20.68170
2014-11-21,-19.05215
2014-11-24,-19.30535
2014-11-25,-20.73654
2014-11-26,-19.93482
2014-11-27,.
2014-11-28,-28.75203
2014-12-01,-26.31129
2014-12-02,-30.09496
2014-12-03,-30.59709
2014-12-04,-31.30533
2014-12-05,-32.40665
2014-12-08,-34.98455
2014-12-09,-35.17087
2014-12-10,-37.28535
2014-12-11,-38.26767
2014-12-12,-39.95014
2014-12-15,-42.41614
2014-12-16,-42.29302
2014-12-17,-42.17645
2014-12-18,-44.93902
2014-12-19,-42.57895
2014-12-22,-43.97688
2014-12-23,-42.57105
2014-12-24,.
2014-12-25,.
2014-12-26,-45.37723
2014-12-29,-45.94540
2014-12-30,-44.85077
2014-12-31,.
2015-01-01,.
2015-01-02,-43.71130
2015-01-05,-46.25215
2015-01-06,-48.58000
2015-01-07,-47.01850
2015-01-08,-46.58494
2015-01-09,-47.66750
2015-01-12,-49.63368
2015-01-13,-50.16820
2015-01-14,-48.29388
2015-01-15,-50.42762
2015-01-16,-48.39293
2015-01-19,.
2015-01-20,-50.49201
2015-01-21,-50.33731
2015-01-22,-52.76149
2015-01-23,-53.17608
2015-01-26,-53.24567
2015-01-27,-52.97979
2015-01-28,-54.71543
2015-01-29,-55.09415
2015-01-30,-51.00974
2015-02-02,-48.93198
2015-02-03,-45.45455
2015-02-04,-50.25667
2015-02-05,-48.40556
2015-02-06,-48.32967
2015-02-09,-47.07351
2015-02-10,-49.91997
2015-02-11,-51.38474
2015-02-12,-48.96779
2015-02-13,-47.50274
2015-02-16,.
2015-02-17,-47.76673
2015-02-18,-49.61338
2015-02-19,-50.46512
2015-02-20,-51.28255
2015-02-23,-51.96278
2015-02-24,-52.56360
2015-02-25,-51.18041
2015-02-26,-53.59369
2015-02-27,-51.55521
2015-03-02,-52.92387
2015-03-03,-51.34118
2015-03-04,-49.35627
2015-03-05,-50.14732
2015-03-06,-51.75063
2015-03-09,-50.73479
2015-03-10,-51.72001
2015-03-11,-51.10388
2015-03-12,-52.19641
2015-03-13,-54.77174
2015-03-16,-55.36930
2015-03-17,-56.64468
2015-03-18,-55.68464
2015-03-19,-55.83868
2015-03-20,-53.98620
2015-03-23,-52.62369
2015-03-24,-52.80955
2015-03-25,-51.54557
2015-03-26,-49.22469
2015-03-27,-52.00039
2015-03-30,-52.09215
2015-03-31,-52.13161
2015-04-01,-49.67871
2015-04-02,-51.01207
2015-04-03,.
2015-04-06,-48.14299
2015-04-07,-47.40177
2015-04-08,-51.28923
2015-04-09,-50.86582
2015-04-10,-50.20255
2015-04-13,-50.07208
2015-04-14,-48.60174
2015-04-15,-45.76222
2015-04-16,-45.66280
2015-04-17,.
2015-04-20,-45.97988
2015-04-21,-45.34369
2015-04-22,-44.64374
2015-04-23,-44.62818
2015-04-24,-44.49182
2015-04-27,-45.06081
2015-04-28,-43.82631
2015-04-29,-41.49096
2015-04-30,-40.19460
2015-05-01,-40.95314
2015-05-04,-40.92641
2015-05-05,-39.50506
2015-05-06,-39.70908
2015-05-07,-41.31516
2015-05-08,-40.77951
2015-05-11,-41.29250
2015-05-12,-40.47642
2015-05-13,-41.05038
2015-05-14,-41.13426
2015-05-15,-41.61861
2015-05-18,-42.26323
2015-05-19,-44.26070
2015-05-20,-43.47618
2015-05-21,-42.15130
2015-05-22,-43.92915
2015-05-25,.
2015-05-26,-45.32354
2015-05-27,-44.36490
2015-05-28,-44.66718
2015-05-29,-41.73114
2015-06-01,-41.55428
2015-06-02,-40.68125
2015-06-03,-42.21942
2015-06-04,-43.78211
2015-06-05,-42.78939
2015-06-08,-44.66648
2015-06-09,-42.72520
2015-06-10,-41.58416
2015-06-11,-43.33955
2015-06-12,-44.21807
2015-06-15,-44.63356
2015-06-16,-43.88967
2015-06-17,-43.83908
2015-06-18,-43.58424
2015-06-19,-44.77073
2015-06-22,-43.82664
2015-06-23,-42.75131
2015-06-24,-43.93685
2015-06-25,-44.04169
2015-06-26,-44.19500
2015-06-29,-44.99859
2015-06-30,-43.91854
2015-07-01,-45.86423
2015-07-02,-45.65674
2015-07-03,.
2015-07-06,-49.63048
2015-07-07,-49.71170
2015-07-08,-49.85913
2015-07-09,-49.07827
2015-07-10,-48.02917
2015-07-13,-48.69753
2015-07-14,-47.24543
2015-07-15,-49.54849
2015-07-16,-50.98228
2015-07-17,-50.99682
2015-07-20,-52.43023
2015-07-21,-51.63017
2015-07-22,-52.53829
2015-07-23,-53.18217
2015-07-24,-54.40464
2015-07-27,-55.36525
2015-07-28,-54.27509
2015-07-29,-53.23617
2015-07-30,-50.59554
2015-07-31,-51.85980
2015-08-03,-53.94871
2015-08-04,-52.99979
2015-08-05,-53.44063
2015-08-06,-54.08876
2015-08-07,-55.05583
2015-08-10,-54.18493
2015-08-11,-55.72104
2015-08-12,-55.70360
2015-08-13,-55.75675
2015-08-14,-56.37205
2015-08-17,-56.52219
2015-08-18,-54.87016
2015-08-19,-57.72822
2015-08-20,-56.36905
2015-08-21,-56.78880
2015-08-24,-59.93291
2015-08-25,-59.12508
2015-08-26,-59.82050
2015-08-27,-55.96226
2015-08-28,-53.71960
2015-08-31,.
2015-09-01,-51.16229
2015-09-02,-51.51832
2015-09-03,-50.53433
2015-09-04,-50.68581
2015-09-07,.
2015-09-08,-50.47989
2015-09-09,-51.88093
2015-09-10,-50.64054
2015-09-11,-51.45368
2015-09-14,-52.54146
2015-09-15,-53.02919
2015-09-16,-50.04770
2015-09-17,-49.57559
2015-09-18,-51.62826
2015-09-21,-48.97223
2015-09-22,-49.56854
2015-09-23,-52.42521
2015-09-24,-51.98205
2015-09-25,-52.32862
2015-09-28,-53.03078
2015-09-29,-50.37841
2015-09-30,-50.34164
2015-10-01,-50.83498
2015-10-02,-49.26471
2015-10-05,-48.76564
2015-10-06,-45.40443
2015-10-07,-45.17127
2015-10-08,-42.32743
2015-10-09,-42.15675
2015-10-12,-45.07174
2015-10-13,-42.85365
2015-10-14,-43.00904
2015-10-15,-43.66574
2015-10-16,-42.87440
2015-10-19,-44.52634
2015-10-20,-44.93694
2015-10-21,-43.84004
2015-10-22,-45.77950
2015-10-23,-45.97022
2015-10-26,-46.84962
2015-10-27,-46.89036
2015-10-28,-44.15805
2015-10-29,-43.22724
2015-10-30,-42.13337
2015-11-02,-41.44979
2015-11-03,-37.93908
2015-11-04,-41.15106
2015-11-05,-41.86465
2015-11-06,-43.69203
2015-11-09,-43.34237
2015-11-10,-43.18561
2015-11-11,-44.33644
2015-11-12,-43.69351
2015-11-13,-46.39705
2015-11-16,-44.89688
2015-11-17,-45.36553
2015-11-18,-45.33870
2015-11-19,-46.38371
2015-11-20,-48.52326
2015-11-23,-48.15157
2015-11-24,-44.77310
2015-11-25,-44.07056
2015-11-26,.
2015-11-27,-38.47437
2015-11-30,-41.38881
2015-12-01,-39.42379
2015-12-02,-40.66865
2015-12-03,-38.43848
2015-12-04,-39.29276
2015-12-07,-40.37700
2015-12-08,-41.23000
2015-12-09,-39.07198
2015-12-10,-38.74354
2015-12-11,-38.33247
2015-12-14,-35.11437
2015-12-15,-33.32142
2015-12-16,-37.00159
2015-12-17,-35.43743
2015-12-18,-38.99139
2015-12-21,-37.46606
2015-12-22,-36.38605
2015-12-23,-34.00359
2015-12-24,.
2015-12-25,.
2015-12-28,-31.98653
2015-12-29,-30.03325
2015-12-30,-31.54350
2015-12-31,.
2016-01-01,.
2016-01-04,-26.45355
2016-01-05,-25.03126
2016-01-06,-30.23208
2016-01-07,-31.78279
2016-01-08,-31.33402
2016-01-11,-31.78463
2016-01-12,-33.75436
2016-01-13,-37.26542
2016-01-14,-32.67199
2016-01-15,-39.26583
2016-01-18,.
2016-01-19,-39.15367
2016-01-20,-44.24242
2016-01-21,-35.66297
2016-01-22,-29.14273
2016-01-25,-32.34375
2016-01-26,-35.55846
2016-01-27,-26.67877
2016-01-28,-24.72801
2016-01-29,-29.56685
2016-02-01,-35.79695
2016-02-02,-43.62745
2016-02-03,-33.35397
2016-02-04,-37.34152
2016-02-05,-40.26326
2016-02-08,-43.93282
2016-02-09,-44.14702
2016-02-10,-43.56557
2016-02-11,-48.81767
2016-02-12,-44.32207
2016-02-15,.
2016-02-16,-45.76176
2016-02-17,-41.14713
2016-02-18,-39.80829
2016-02-19,-40.76076
2016-02-22,-36.70299
2016-02-23,-34.32343
2016-02-24,-39.60199
2016-02-25,-34.10283
2016-02-26,-36.49679
2016-02-29,-33.97862
2016-03-01,-31.80646
2016-03-02,-32.91287
2016-03-03,-31.91489
2016-03-04,-27.61540
2016-03-07,-24.12412
2016-03-08,-24.26683
2016-03-09,-21.72285
2016-03-10,-19.84295
2016-03-11,-14.19340
2016-03-14,-15.31983
2016-03-15,-16.29408
2016-03-16,-13.89200
2016-03-17,-8.74602
2016-03-18,-14.19565
2016-03-21,-15.80169
2016-03-22,-11.86477
2016-03-23,-21.47692
2016-03-24,-25.81210
2016-03-25,.
2016-03-28,-21.92766
2016-03-29,-22.65298
2016-03-30,-26.35674
2016-03-31,-24.81172
2016-04-01,.
2016-04-04,-34.13978
2016-04-05,-36.01483
2016-04-06,-25.17843
2016-04-07,-26.56035
2016-04-08,-23.02925
2016-04-11,-22.11742
2016-04-12,-20.97561
2016-04-13,-25.86667
2016-04-14,-26.88305
2016-04-15,-27.48160
2016-04-18,-29.50151
2016-04-19,-26.44836
2016-04-20,-23.94517
2016-04-21,-23.69677
2016-04-22,-23.61558
2016-04-25,-25.00000
2016-04-26,-25.46889
2016-04-27,-22.64731
2016-04-28,-22.79436
2016-04-29,-22.19966
2016-05-02,-24.04956
2016-05-03,-27.70785
2016-05-04,-28.16347
2016-05-05,-24.85167
2016-05-06,-24.96213
2016-05-09,-26.64190
2016-05-10,-26.41634
2016-05-11,-23.61983
2016-05-12,-22.12389
2016-05-13,-22.61845
2016-05-16,-19.71736
2016-05-17,-15.72426
2016-05-18,-18.38535
2016-05-19,-19.97341
2016-05-20,-19.03872
2016-05-23,.
2016-05-24,-16.14592
2016-05-25,-14.62354
2016-05-26,-15.06327
2016-05-27,-18.07469
2016-05-30,.
2016-05-31,-19.90212
2016-06-01,-17.76437
2016-06-02,-15.27586
2016-06-03,-17.62815
2016-06-06,-14.51419
2016-06-07,-16.25935
2016-06-08,-16.50913
2016-06-09,-16.82581
2016-06-10,-18.12875
2016-06-13,-17.87334
2016-06-14,-19.19680
2016-06-15,-19.98664
2016-06-16,-23.62192
2016-06-17,-19.49010
2016-06-20,-17.68039
2016-06-21,-19.81982
2016-06-22,-18.08032
2016-06-23,-17.20087
2016-06-24,-21.39370
2016-06-27,-21.49469
2016-06-28,-19.41829
2016-06-29,-12.45170
2016-06-30,-15.21166
2016-07-01,.
2016-07-04,.
2016-07-05,-10.70132
2016-07-06,-8.21546
2016-07-07,-14.29113
2016-07-08,-13.97421
2016-07-11,-14.29393
2016-07-12,-11.74364
2016-07-13,-12.70428
2016-07-14,-10.33399
2016-07-15,-9.72877
2016-07-18,-9.73858
2016-07-19,-11.76122
2016-07-20,-8.74772
2016-07-21,-8.62607
2016-07-22,-9.52480
2016-07-25,-10.11236
2016-07-26,-12.11174
2016-07-27,-14.08653
2016-07-28,-15.24830
2016-07-29,-11.82339
2016-08-01,-11.49171
2016-08-02,-13.66120
2016-08-03,-9.59450
2016-08-04,-6.19825
2016-08-05,-4.65010
2016-08-08,-4.18336
2016-08-09,-0.76548
2016-08-10,-3.40120
2016-08-11,2.93352
2016-08-12,4.75854
2016-08-15,9.03887
2016-08-16,9.37060
2016-08-17,14.87117
2016-08-18,17.56098
2016-08-19,19.85167
2016-08-22,22.44898
2016-08-23,21.43040
2016-08-24,20.23377
2016-08-25,10.59571
2016-08-26,5.18878
2016-08-29,-4.53252
2016-08-30,2.07140
2016-08-31,-3.49892
2016-09-01,-7.65775
2016-09-02,-3.54194
2016-09-05,.
2016-09-06,-2.33014
2016-09-07,3.03648
2016-09-08,3.88222
2016-09-09,2.52514
2016-09-12,5.01475
2016-09-13,0.74024
2016-09-14,-7.42784
2016-09-15,-6.56297
2016-09-16,-3.73518
2016-09-19,-7.13520
2016-09-20,-5.02491
2016-09-21,1.79654
2016-09-22,2.58122
2016-09-23,-2.61251
2016-09-26,2.70270
2016-09-27,-1.30416
2016-09-28,4.46072
2016-09-29,6.63687
2016-09-30,4.78700
2016-10-03,5.44512
2016-10-04,0.28848
2016-10-05,3.94902
2016-10-06,1.98140
2016-10-07,0.18120
2016-10-10,5.66999
2016-10-11,8.60814
2016-10-12,7.52734
2016-10-13,8.81846
2016-10-14,6.44820
2016-10-17,8.84339
2016-10-18,9.72949
2016-10-19,14.08669
2016-10-20,12.04900
2016-10-21,15.25848
2016-10-24,16.18430
2016-10-25,14.44110
2016-10-26,6.13978
2016-10-27,8.01825
2016-10-28,4.54936
2016-10-31,1.53946
2016-11-01,-2.54804
2016-11-02,-2.15889
2016-11-03,-1.34747
2016-11-04,-0.56408
2016-11-07,2.30226
2016-11-08,1.65046
2016-11-09,5.23865
2016-11-10,6.89986
2016-11-11,6.63554
2016-11-14,3.86276
2016-11-15,12.59514
2016-11-16,11.80368
2016-11-17,11.88656
2016-11-18,15.99391
2016-11-21,20.90654
2016-11-22,17.55931
2016-11-23,13.34304
2016-11-24,.
2016-11-25,15.15898
2016-11-28,12.93594
2016-11-29,11.60670
2016-11-30,23.74155
2016-12-01,24.34275
2016-12-02,29.25000
2016-12-05,37.40701
2016-12-06,36.01175
2016-12-07,34.14962
2016-12-08,38.30250
2016-12-09,44.48808
2016-12-12,45.24924
2016-12-13,41.98821
2016-12-14,43.48805
2016-12-15,45.51172
2016-12-16,49.56797
2016-12-19,50.88278
2016-12-20,44.57364
2016-12-21,39.93471
2016-12-22,38.17119
2016-12-23,.
2016-12-26,.
2016-12-27,39.44034
2016-12-28,47.60864
2016-12-29,44.89631
2016-12-30,.
2017-01-02,.
2017-01-03,45.56575
2017-01-04,56.78540
2017-01-05,61.51998
2017-01-06,62.59036
2017-01-09,65.34055
2017-01-10,67.06114
2017-01-11,71.56476
2017-01-12,69.79500
2017-01-13,77.79287
2017-01-16,.
2017-01-17,84.22901
2017-01-18,91.60420
2017-01-19,73.90863
2017-01-20,63.17431
2017-01-23,74.10096
2017-01-24,77.31889
2017-01-25,61.32426
2017-01-26,60.31316
2017-01-27,57.99168
2017-01-30,66.44529
2017-01-31,76.42140
2017-02-01,66.92474
2017-02-02,69.30130
2017-02-03,74.36811
2017-02-06,78.42477
2017-02-07,86.65951
2017-02-08,90.15977
2017-02-09,102.32913
2017-02-10,83.62892
2017-02-13,.
2017-02-14,83.16695
2017-02-15,73.10952
2017-02-16,73.57816
2017-02-17,80.50017
2017-02-20,.
2017-02-21,69.66080
2017-02-22,76.63921
2017-02-23,73.50318
2017-02-24,70.58452
2017-02-27,65.05803
2017-02-28,57.02239
2017-03-01,55.68412
2017-03-02,52.28588
2017-03-03,48.51016
2017-03-06,40.34301
2017-03-07,43.65967
2017-03-08,32.45614
2017-03-09,29.07069
2017-03-10,24.77279
2017-03-13,28.89785
2017-03-14,30.06608
2017-03-15,25.78715
2017-03-16,20.23898
2017-03-17,22.47276
2017-03-20,19.74442
2017-03-21,13.43788
2017-03-22,23.53710
2017-03-23,23.23020
2017-03-24,.
2017-03-27,23.76941
2017-03-28,31.02140
2017-03-29,34.02872
2017-03-30,36.16676
2017-03-31,42.92986
2017-04-03,46.50146
2017-04-04,47.71147
2017-04-05,35.50609
2017-04-06,38.57909
2017-04-07,31.47962
2017-04-10,31.14187
2017-04-11,26.73314
2017-04-12,27.38609
2017-04-13,28.32328
2017-04-14,.
2017-04-17,32.41067
2017-04-18,28.32681
2017-04-19,18.18820
2017-04-20,16.39648
2017-04-21,16.08980
2017-04-24,17.35061
2017-04-25,15.75729
2017-04-26,8.67741
2017-04-27,6.36541
2017-04-28,7.24228
2017-05-01,9.11732
2017-05-02,9.16380
2017-05-03,9.18437
2017-05-04,2.75209
2017-05-05,3.70121
2017-05-08,6.92750
2017-05-09,2.59624
2017-05-10,2.31552
2017-05-11,2.50858
2017-05-12,3.48334
2017-05-15,2.38894
2017-05-16,0.72479
2017-05-17,1.91189
2017-05-18,2.49169
2017-05-19,5.55905
2017-05-22,5.59019
2017-05-23,6.41132
2017-05-24,3.84929
2017-05-25,-0.87755
2017-05-26,0.44571
2017-05-29,.
2017-05-30,1.07943
2017-05-31,-1.58957
2017-06-01,-1.66870
2017-06-02,-2.07435
2017-06-05,-4.64695
2017-06-06,-4.44709
2017-06-07,-10.59926
2017-06-08,-9.58036
2017-06-09,-6.66123
2017-06-12,-5.70669
2017-06-13,-4.28954
2017-06-14,-6.53172
2017-06-15,-3.61942
2017-06-16,-6.81250
2017-06-19,-10.44534
2017-06-20,-11.46067
2017-06-21,-13.58828
2017-06-22,-13.80219
2017-06-23,-8.22270
2017-06-26,-5.58952
2017-06-27,-7.67786
2017-06-28,-10.25075
2017-06-29,-7.02300
2017-06-30,-6.11995
2017-07-03,.
2017-07-04,.
2017-07-05,-4.77095
2017-07-06,0.66342
2017-07-07,-2.46859
2017-07-10,-0.73776
2017-07-11,-3.75908
2017-07-12,1.35948
2017-07-13,0.92025
2017-07-14,1.30634
2017-07-17,1.74663
2017-07-18,3.94265
2017-07-19,4.75979
2017-07-20,6.30118
2017-07-21,5.45957
2017-07-24,8.98585
2017-07-25,13.30645
2017-07-26,15.94272
2017-07-27,19.25602
2017-07-28,19.69186
2017-07-31,25.36829
2017-08-01,24.53165
2017-08-02,21.56863
2017-08-03,16.96088
2017-08-04,18.50347
2017-08-07,14.65397
2017-08-08,14.70313
2017-08-09,18.77844
2017-08-10,11.56056
2017-08-11,9.75939
2017-08-14,4.09011
2017-08-15,2.14731
2017-08-16,-0.02136
2017-08-17,-2.34440
2017-08-18,0.22690
2017-08-21,1.26068
2017-08-22,0.23138
2017-08-23,4.66623
2017-08-24,0.57484
2017-08-25,0.02099
2017-08-28,-1.21354
2017-08-29,0.30225
2017-08-30,2.86482
2017-08-31,9.47417
2017-09-01,6.60059
2017-09-04,.
2017-09-05,8.42809
2017-09-06,8.04926
2017-09-07,3.08629
2017-09-08,3.40017
2017-09-11,3.84615
2017-09-12,7.34803
2017-09-13,13.02155
2017-09-14,13.70582
2017-09-15,15.93866
2017-09-18,15.08999
2017-09-19,12.97605
2017-09-20,10.94198
2017-09-21,9.71800
2017-09-22,13.45807
2017-09-25,13.70614
2017-09-26,15.54311
2017-09-27,10.77119
2017-09-28,8.17267
2017-09-29,8.27745
2017-10-02,3.66803
2017-10-03,3.63674
2017-10-04,0.50251
2017-10-05,0.69389
2017-10-06,-0.84405
2017-10-09,-0.36174
2017-10-10,0.41404
2017-10-11,2.31352
2017-10-12,0.27739
2017-10-13,2.14499
2017-10-16,3.78227
2017-10-17,3.12127
2017-10-18,0.89165
2017-10-19,1.94792
2017-10-20,2.01541
2017-10-23,3.44759
2017-10-24,5.80384
2017-10-25,6.60513
2017-10-26,5.43150
2017-10-27,10.67323
2017-10-30,15.54559
2017-10-31,16.50236
2017-11-01,19.85878
2017-11-02,22.14510
2017-11-03,26.23100
2017-11-06,27.76292
2017-11-07,27.20196
2017-11-08,25.70796
2017-11-09,28.10399
2017-11-10,30.79050
2017-11-13,31.13883
2017-11-14,21.39119
2017-11-15,21.33450
2017-11-16,21.53405
2017-11-17,23.02473
2017-11-20,18.38669
2017-11-21,18.24423
2017-11-22,23.88699
2017-11-23,.
2017-11-24,26.15582
2017-11-27,27.24485
2017-11-28,27.97527
2017-11-29,15.86723
2017-11-30,12.37275
2017-12-01,12.86267
2017-12-04,11.13689
2017-12-05,13.16977
2017-12-06,11.91575
2017-12-07,11.13297
2017-12-08,10.94933
2017-12-11,9.67008
2017-12-12,7.79392
2017-12-13,10.93903
2017-12-14,11.98428
2017-12-15,10.32159
2017-12-18,9.66814
2017-12-19,10.09192
2017-12-20,12.92768
2017-12-21,12.23548
2017-12-22,11.99769
2017-12-25,.
2017-12-26,12.74139
2017-12-27,10.47954
2017-12-28,11.22677
2017-12-29,12.48372
2018-01-01,.
2018-01-02,15.29794
2018-01-03,15.67781
2018-01-04,15.26874
2018-01-05,13.91256
2018-01-08,18.82579
2018-01-09,23.80952
2018-01-10,21.86243
2018-01-11,20.37351
2018-01-12,22.65088
2018-01-15,.
2018-01-16,21.67779
2018-01-17,25.03912
2018-01-18,24.46001
2018-01-19,21.11599
2018-01-22,20.63673
2018-01-23,23.04315
2018-01-24,25.98773
2018-01-25,23.25319
2018-01-26,24.61452
2018-01-29,24.85275
2018-01-30,22.54028
2018-01-31,20.25974
2018-02-01,23.09991
2018-02-02,21.72459
2018-02-05,21.07150
2018-02-06,21.63250
2018-02-07,18.21654
2018-02-08,15.68220
2018-02-09,9.95542
2018-02-12,12.17900
2018-02-13,11.50160
2018-02-14,14.29109
2018-02-15,15.10953
2018-02-16,15.87718
2018-02-19,.
2018-02-20,14.60570
2018-02-21,15.14643
2018-02-22,15.12482
2018-02-23,17.65142
2018-02-26,18.07920
2018-02-27,16.55556
2018-02-28,14.13973
2018-03-01,15.86548
2018-03-02,14.73842
2018-03-05,17.48449
2018-03-06,18.71678
2018-03-07,22.59683
2018-03-08,23.34359
2018-03-09,29.07388
2018-03-12,27.94578
2018-03-13,28.47163
2018-03-14,25.96194
2018-03-15,26.62526
2018-03-16,28.85809
2018-03-19,29.75518
2018-03-20,34.77244
2018-03-21,37.66124
2018-03-22,36.70213
2018-03-23,39.11205
2018-03-26,39.28116
2018-03-27,34.84285
2018-03-28,29.97776
2018-03-29,28.96620
2018-03-30,.
2018-04-02,25.47264
2018-04-03,24.35772
2018-04-04,23.87564
2018-04-05,22.90578
2018-04-06,18.71770
2018-04-09,19.48737
2018-04-10,22.66767
2018-04-11,25.77184
2018-04-12,26.09513
2018-04-13,.
2018-04-16,25.86469
2018-04-17,26.76325
2018-04-18,35.55159
2018-04-19,35.89335
2018-04-20,37.51007
2018-04-23,38.26176
2018-04-24,37.46445
2018-04-25,38.15522
2018-04-26,39.25654
2018-04-27,38.12614
2018-04-30,40.40549
2018-05-01,41.19622
2018-05-02,42.10086
2018-05-03,50.27442
2018-05-04,50.78953
2018-05-07,52.26001
2018-05-08,50.15271
2018-05-09,50.50761
2018-05-10,49.25748
2018-05-11,47.79427
2018-05-14,45.33361
2018-05-15,46.66941
2018-05-16,45.65661
2018-05-17,44.79335
2018-05-18,41.55405
2018-05-21,42.21610
2018-05-22,41.02113
2018-05-23,40.90998
2018-05-24,45.70723
2018-05-25,36.99072
2018-05-28,.
2018-05-29,34.59601
2018-05-30,41.31290
2018-05-31,38.61755
2018-06-01,38.02433
2018-06-04,36.62447
2018-06-05,36.11053
2018-06-06,41.37555
2018-06-07,44.39580
2018-06-08,43.53994
2018-06-11,43.38395
2018-06-12,43.02952
2018-06-13,48.76088
2018-06-14,50.46098
2018-06-15,45.33870
2018-06-18,48.98282
2018-06-19,50.18459
2018-06-20,55.17891
2018-06-21,54.43217
2018-06-22,61.03593
2018-06-25,61.67900
2018-06-26,70.01130
2018-06-27,73.02190
2018-06-28,63.65865
2018-06-29,61.08214
2018-07-02,.
2018-07-03,.
2018-07-04,.
2018-07-05,60.47891
2018-07-06,66.73446
2018-07-09,66.50901
2018-07-10,64.46960
2018-07-11,54.94723
2018-07-12,52.58359
2018-07-13,52.65420
2018-07-16,48.23990
2018-07-17,46.61638
2018-07-18,46.02972
2018-07-19,48.55553
2018-07-20,53.58235
2018-07-23,46.93789
2018-07-24,48.14737
2018-07-25,46.41828
2018-07-26,45.95311
2018-07-27,38.09332
2018-07-30,41.78451
2018-07-31,42.06139
2018-08-01,38.70968
2018-08-02,40.62819
2018-08-03,38.16825
2018-08-06,39.78124
2018-08-07,40.96189
2018-08-08,34.94656
2018-08-09,37.63906
2018-08-10,38.51670
2018-08-13,41.31120
2018-08-14,40.92916
2018-08-15,39.03846
2018-08-16,39.02698
2018-08-17,35.68636
2018-08-20,40.32496
2018-08-21,41.28017
2018-08-22,40.04128
2018-08-23,46.33785
2018-08-24,46.29591
2018-08-27,50.79741
2018-08-28,47.52475
2018-08-29,51.61010
2018-08-30,48.64579
2018-08-31,47.59087
2018-09-03,.
2018-09-04,43.57393
2018-09-05,39.81274
2018-09-06,38.10591
2018-09-07,42.76981
2018-09-10,40.55347
2018-09-11,43.72537
2018-09-12,42.73834
2018-09-13,37.58524
2018-09-14,38.23647
2018-09-17,38.05132
2018-09-18,41.03755
2018-09-19,41.34023
2018-09-20,39.91696
2018-09-21,40.67157
2018-09-24,41.23433
2018-09-25,42.27563
2018-09-26,38.51170
2018-09-27,39.82952
2018-09-28,41.59087
2018-10-01,48.98201
2018-10-02,49.00872
2018-10-03,52.80000
2018-10-04,46.56428
2018-10-05,50.50669
2018-10-08,49.79831
2018-10-09,47.16277
2018-10-10,42.65107
2018-10-11,40.22920
2018-10-12,38.84892
2018-10-15,38.52680
2018-10-16,38.67361
2018-10-17,33.77522
2018-10-18,33.80776
2018-10-19,33.95313
2018-10-22,33.40397
2018-10-23,27.08333
2018-10-24,28.07389
2018-10-25,28.31521
2018-10-26,25.33383
2018-10-29,23.82184
2018-10-30,21.74393
2018-10-31,20.23196
2018-11-01,16.71861
2018-11-02,13.46396
2018-11-05,10.08022
2018-11-06,8.69033
2018-11-07,8.57093
2018-11-08,6.21064
2018-11-09,6.06167
2018-11-12,5.42540
2018-11-13,-0.07185
2018-11-14,1.59190
2018-11-15,2.37577
2018-11-16,0.49813
2018-11-19,1.69009
2018-11-20,-6.06967
2018-11-21,-5.99516
2018-11-22,.
2018-11-23,.
2018-11-26,-11.42857
2018-11-27,-11.47343
2018-11-28,-12.55895
2018-11-29,-10.34843
2018-11-30,-12.97344
2018-12-03,-7.82881
2018-12-04,-7.71766
2018-12-05,-5.64617
2018-12-06,-8.77876
2018-12-07,-7.68154
2018-12-10,-11.70470
2018-12-11,-9.57633
2018-12-12,-9.80739
2018-12-13,-7.56140
2018-12-14,-10.52540
2018-12-17,-12.89138
2018-12-18,-19.77735
2018-12-19,-17.43846
2018-12-20,-21.76894
2018-12-21,-22.09442
2018-12-24,.
2018-12-25,.
2018-12-26,-22.84230
2018-12-27,-25.66845
2018-12-28,-25.32253
2018-12-31,.
2019-01-01,.
2019-01-02,-24.83363
2019-01-03,-24.29816
2019-01-04,-22.32883
2019-01-07,-21.80463
2019-01-08,-21.20153
2019-01-09,-17.94025
2019-01-10,-17.84987
2019-01-11,-19.90034
2019-01-14,.
2019-01-15,-18.83422
2019-01-16,-18.52315
2019-01-17,-18.96498
2019-01-18,-15.43074
2019-01-21,.
2019-01-22,-18.40186
2019-01-23,-20.17050
2019-01-24,-19.32338
2019-01-25,-19.22439
2019-01-28,-21.18399
2019-01-29,-17.89913
2019-01-30,-16.41469
2019-01-31,-18.32524
2019-02-01,-15.58779
2019-02-04,-14.97351
2019-02-05,-15.42218
2019-02-06,-12.87353
2019-02-07,-14.06199
2019-02-08,-10.89527
2019-02-11,-11.74886
2019-02-12,-10.43317
2019-02-13,-11.30148
2019-02-14,-11.51594
2019-02-15,-10.19551
2019-02-18,.
2019-02-19,-9.35229
2019-02-20,-7.82440
2019-02-21,-9.19962
2019-02-22,-10.24874
2019-02-25,-13.30512
2019-02-26,-11.97966
2019-02-27,-7.34169
2019-02-28,-6.18235
2019-03-01,-8.87400
2019-03-04,-9.42551
2019-03-05,-9.57787
2019-03-06,-7.97184
2019-03-07,-5.87061
2019-03-08,-10.07739
2019-03-11,-7.43276
2019-03-12,-6.26133
2019-03-13,-4.30284
2019-03-14,-4.20209
2019-03-15,-6.06839
2019-03-18,-4.70892
2019-03-19,-6.70664
2019-03-20,-7.64977
2019-03-21,-6.64591
2019-03-22,-10.53191
2019-03-25,-10.35273
2019-03-26,-8.18893
2019-03-27,-7.63608
2019-03-28,-8.60182
2019-03-29,.
2019-04-01,-2.31562
2019-04-02,-1.38779
2019-04-03,-1.40489
2019-04-04,-2.21942
2019-04-05,1.72497
2019-04-08,1.52997
2019-04-09,-2.18387
2019-04-10,-3.27795
2019-04-11,-5.15879
2019-04-12,-5.18189
2019-04-15,-4.22769
2019-04-16,-3.74436
2019-04-17,-6.86733
2019-04-18,-6.26647
2019-04-19,.
2019-04-22,-2.88419
2019-04-23,-2.09873
2019-04-24,-3.00000
2019-04-25,-4.32678
2019-04-26,-7.07679
2019-04-29,-7.54084
2019-04-30,-5.12782
2019-05-01,-6.42026
2019-05-02,-9.78817
2019-05-03,-11.08880
2019-05-06,-11.93101
2019-05-07,-10.78018
2019-05-08,-12.68971
2019-05-09,-13.70516
2019-05-10,-12.78823
2019-05-13,-14.13885
2019-05-14,-13.34455
2019-05-15,-13.15974
2019-05-16,-11.94907
2019-05-17,-11.87702
2019-05-20,-12.64877
2019-05-21,-12.58150
2019-05-22,-14.51635
2019-05-23,-18.53893
2019-05-24,-14.01649
2019-05-27,.
2019-05-28,-11.81138
2019-05-29,-13.77491
2019-05-30,-15.69125
2019-05-31,-18.72056
2019-06-03,-17.77332
2019-06-04,-18.33308
2019-06-05,-20.35521
2019-06-06,-20.26986
2019-06-07,-17.97172
2019-06-10,-19.31921
2019-06-11,-19.70473
2019-06-12,-23.26279
2019-06-13,-21.71574
2019-06-14,-19.28934
2019-06-17,-21.19557
2019-06-18,-17.25303
2019-06-19,-18.47694
2019-06-20,-13.39829
2019-06-21,-16.90814
2019-06-24,-17.42240
2019-06-25,-23.39492
2019-06-26,-23.56285
2019-06-27,-19.42818
2019-06-28,-21.48928
2019-07-01,-20.27338
2019-07-02,-24.51813
2019-07-03,.
2019-07-04,.
2019-07-05,.
2019-07-08,-22.42662
2019-07-09,-22.31818
2019-07-10,-14.46005
2019-07-11,-14.72681
2019-07-12,-15.54273
2019-07-15,-13.07534
2019-07-16,-15.56666
2019-07-17,-17.85403
2019-07-18,-20.65687
2019-07-19,-21.17764
2019-07-22,-17.71723
2019-07-23,-20.05087
2019-07-24,-21.41150
2019-07-25,-21.94441
2019-07-26,-18.38043
2019-07-29,-20.14328
2019-07-30,-16.94333
2019-07-31,-14.92733
2019-08-01,-22.20450
2019-08-02,-18.71806
2019-08-05,-20.83756
2019-08-06,-22.50976
2019-08-07,-23.58039
2019-08-08,-21.26927
2019-08-09,-19.52374
2019-08-12,-18.24535
2019-08-13,-14.90155
2019-08-14,-15.22975
2019-08-15,-16.70232
2019-08-16,-16.83604
2019-08-19,-15.42857
2019-08-20,-16.54783
2019-08-21,-17.98084
2019-08-22,-19.96239
2019-08-23,-22.42146
2019-08-26,-23.48149
2019-08-27,-19.76948
2019-08-28,-19.97704
2019-08-29,-19.33096
2019-08-30,-21.14834
2019-09-02,.
2019-09-03,-22.78717
2019-09-04,-18.15403
2019-09-05,-16.92966
2019-09-06,-16.65436
2019-09-09,-14.31532
2019-09-10,-17.20306
2019-09-11,-20.90379
2019-09-12,-19.63557
2019-09-13,-20.61467
2019-09-16,-8.36480
2019-09-17,-15.18534
2019-09-18,-18.13450
2019-09-19,-17.77589
2019-09-20,-18.19209
2019-09-23,-19.85525
2019-09-24,-22.04360
2019-09-25,-21.93298
2019-09-26,-22.08368
2019-09-27,-23.52378
2019-09-30,-28.23405
2019-10-01,-28.68547
2019-10-02,-31.06021
2019-10-03,-29.59430
2019-10-04,-28.84460
2019-10-07,-28.96190
2019-10-08,-29.76651
2019-10-09,-28.08144
2019-10-10,-24.51740
2019-10-11,-23.31606
2019-10-14,-25.43151
2019-10-15,-26.58140
2019-10-16,-23.28020
2019-10-17,-21.47749
2019-10-18,-22.28167
2019-10-21,-23.06137
2019-10-22,-18.46894
2019-10-23,-16.01563
2019-10-24,-16.56506
2019-10-25,-16.36579
2019-10-28,-17.01493
2019-10-29,-16.37957
2019-10-30,-16.01592
2019-10-31,-15.15627
2019-11-01,-11.21673
2019-11-04,-10.75729
2019-11-05,-8.23681
2019-11-06,-8.98039
2019-11-07,-6.25927
2019-11-08,-5.26666
2019-11-11,.
2019-11-12,1.86949
2019-11-13,1.28205
2019-11-14,0.21258
2019-11-15,1.85874
2019-11-18,-0.59482
2019-11-19,2.88444
2019-11-20,4.22716
2019-11-21,.
2019-11-22,.
2019-11-25,12.30082
2019-11-26,13.52563
2019-11-27,16.10068
2019-11-28,.
2019-11-29,14.45451
2019-12-02,5.64364
2019-12-03,5.52528
2019-12-04,11.05623
2019-12-05,13.34886
2019-12-06,12.20622
2019-12-09,15.50813
2019-12-10,14.65634
2019-12-11,15.08621
2019-12-12,12.31733
2019-12-13,17.26492
2019-12-16,20.90361
2019-12-17,32.00347
2019-12-18,27.04337
2019-12-19,34.31201
2019-12-20,33.16439
2019-12-23,.
2019-12-24,.
2019-12-25,.
2019-12-26,38.75899
2019-12-27,36.78848
2019-12-30,.
2019-12-31,.
2020-01-01,.
2020-01-02,30.37084
2020-01-03,31.90955
2020-01-06,31.07520
2020-01-07,26.46228
2020-01-08,14.29393
2020-01-09,13.62076
2020-01-10,14.73561
2020-01-13,15.62314
2020-01-14,12.62548
2020-01-15,11.09831
2020-01-16,12.90758
2020-01-17,9.23507
2020-01-20,.
2020-01-21,10.76250
2020-01-22,8.23799
2020-01-23,4.85455
2020-01-24,1.04614
2020-01-27,2.51014
2020-01-28,0.48992
2020-01-29,-1.64267
2020-01-30,-3.06464
2020-01-31,-6.71007
2020-02-03,-8.26461
2020-02-04,-7.63643
2020-02-05,-5.69151
2020-02-06,-3.30296
2020-02-07,-4.56872
2020-02-10,-5.41675
2020-02-11,-5.90892
2020-02-12,-5.03343
2020-02-13,-5.49632
2020-02-14,-6.38719
2020-02-17,.
2020-02-18,-7.16322
2020-02-19,-6.30931
2020-02-20,-5.58385
2020-02-21,-6.40239
2020-02-24,-7.15835
2020-02-25,-10.14440
2020-02-26,-14.49403
2020-02-27,-17.54938
2020-02-28,-19.60187
2020-03-02,-17.34982
2020-03-03,-16.41026
2020-03-04,-16.79118
2020-03-05,-18.90459
2020-03-06,-26.23274
2020-03-09,-45.32488
2020-03-10,-39.40939
2020-03-11,-43.14398
2020-03-12,-46.13415
2020-03-13,-45.78704
2020-03-16,-50.99002
2020-03-17,-54.39783
2020-03-18,-65.93480
2020-03-19,-58.16939
2020-03-20,-66.91014
2020-03-23,-60.26231
2020-03-24,-64.87389
2020-03-25,-65.06146
2020-03-26,-72.00202
2020-03-27,-74.28144
2020-03-30,-77.10667
2020-03-31,-67.19974
2020-04-01,-67.53122
2020-04-02,-59.46555
2020-04-03,-55.05547
2020-04-06,-59.28227
2020-04-07,-63.24746
2020-04-08,-61.35871
2020-04-09,-63.99937
2020-04-10,.
2020-04-13,-64.74854
2020-04-14,-68.52054
2020-04-15,-68.68528
2020-04-16,-69.04092
2020-04-17,.
2020-04-20,-156.32044
2020-04-21,-86.54891
2020-04-22,-79.32080
2020-04-23,-76.91246
2020-04-24,-74.73535
2020-04-27,-80.80139
2020-04-28,-80.57340
2020-04-29,-76.33360
2020-04-30,-68.85830
2020-05-01,-68.18328
2020-05-04,-67.14286
2020-05-05,-60.00651
2020-05-06,-61.56446
2020-05-07,-61.54596
2020-05-08,-59.88646
2020-05-11,-60.60358
2020-05-12,-58.33064
2020-05-13,-59.10044
2020-05-14,-56.45956
2020-05-15,-53.09861
2020-05-18,-49.57224
2020-05-19,-48.74643
2020-05-20,-45.35982
2020-05-21,-40.50304
2020-05-22,-42.65411
2020-05-25,.
2020-05-26,-41.09659
2020-05-27,-44.25561
2020-05-28,-40.37542
2020-05-29,-33.50159
2020-06-01,-33.35211
2020-06-02,-31.06542
2020-06-03,-27.61295
2020-06-04,-28.84579
2020-06-05,-26.80259
2020-06-08,-28.42678
2020-06-09,-26.86679
2020-06-10,-22.66771
2020-06-11,-30.45055
2020-06-12,-30.93196
2020-06-15,-28.62919
2020-06-16,-28.96398
2020-06-17,-29.45664
2020-06-18,-31.80380
2020-06-19,-30.74106
2020-06-22,-29.67261
2020-06-23,-29.89762
2020-06-24,-35.93037
2020-06-25,-34.67388
2020-06-26,-33.79725
2020-06-29,-32.65999
2020-06-30,-29.87500
2020-07-01,-30.10866
2020-07-02,.
2020-07-03,.
2020-07-06,-29.36356
2020-07-07,-29.49453
2020-07-08,-32.13338
2020-07-09,-33.85617
2020-07-10,-32.38873
2020-07-13,-32.44519
2020-07-14,-29.83983
2020-07-15,-27.07965
2020-07-16,-26.03486
2020-07-17,-26.83147
2020-07-20,-26.91963
2020-07-21,-26.19300
2020-07-22,-25.08050
2020-07-23,-26.64639
2020-07-24,-26.42755
2020-07-27,-27.07124
2020-07-28,-29.54859
2020-07-29,-29.72834
2020-07-30,-25.70843
2020-07-31,-27.96839
2020-08-03,-25.26085
2020-08-04,-22.25746
2020-08-05,-17.38365
2020-08-06,-20.28517
2020-08-07,-24.35214
2020-08-10,-23.71772
2020-08-11,-27.20421
2020-08-12,-22.77012
2020-08-13,-22.47294
2020-08-14,-23.30841
2020-08-17,-23.73755
2020-08-18,-23.65611
2020-08-19,-22.89308
2020-08-20,-22.97126
2020-08-21,-21.74556
2020-08-24,-20.73216
2020-08-25,-21.49482
2020-08-26,-22.50717
2020-08-27,-24.33386
2020-08-28,-21.99019
2020-08-31,.
2020-09-01,-20.68262
2020-09-02,-23.94166
2020-09-03,-26.52228
2020-09-04,-29.68999
2020-09-07,.
2020-09-08,-35.73296
2020-09-09,-31.63852
2020-09-10,-32.43243
2020-09-11,-31.82980
2020-09-14,-40.99842
2020-09-15,-35.38643
2020-09-16,-30.96752
2020-09-17,-29.55834
2020-09-18,-29.05732
2020-09-21,-33.10615
2020-09-22,-30.88081
2020-09-23,-29.19475
2020-09-24,-28.68065
2020-09-25,-28.40036
2020-09-28,-25.18026
2020-09-29,-27.18284
2020-09-30,-23.96051
2020-10-01,-26.52166
2020-10-02,-30.16654
2020-10-05,-25.85292
2020-10-06,-23.02432
2020-10-07,-24.33973
2020-10-08,-23.38996
2020-10-09,-26.15047
2020-10-12,-26.78738
2020-10-13,-24.19996
2020-10-14,-23.51179
2020-10-15,-24.21600
2020-10-16,-24.27907
2020-10-19,-23.62988
2020-10-20,-23.68567
2020-10-21,-28.65832
2020-10-22,-27.89164
2020-10-23,-29.70630
2020-10-26,-30.95324
2020-10-27,-28.91218
2020-10-28,-32.05105
2020-10-29,-33.46909
2020-10-30,-36.40257
2020-11-02,-35.02574
2020-11-03,-34.36185
2020-11-04,-30.59662
2020-11-05,-32.24389
2020-11-06,-35.16310
2020-11-09,.
2020-11-10,-27.33369
2020-11-11,-27.51406
2020-11-12,-27.70019
2020-11-13,-30.60480
2020-11-16,-27.59592
2020-11-17,-24.92263
2020-11-18,-26.57380
2020-11-19,-28.76971
2020-11-20,-27.20180
2020-11-23,-25.74840
2020-11-24,-23.24464
2020-11-25,-21.57605
2020-11-26,.
2020-11-27,.
2020-11-30,-19.24245
2020-12-01,-20.67676
2020-12-02,-22.63086
2020-12-03,-21.85895
2020-12-04,-21.90878
2020-12-07,-22.49534
2020-12-08,-22.93144
2020-12-09,-22.57406
2020-12-10,-20.98682
2020-12-11,-22.49210
2020-12-14,-21.90666
2020-12-15,-21.84625
2020-12-16,-21.45085
2020-12-17,-21.14192
2020-12-18,-18.84825
2020-12-21,-21.02132
2020-12-22,-23.13225
2020-12-23,.
2020-12-24,-21.93778
2020-12-25,.
2020-12-28,-22.96464
2020-12-29,-21.73700
2020-12-30,.
2020-12-31,-20.95799
2021-01-01,.
2021-01-04,-24.97234
2021-01-05,-20.60606
2021-01-06,-15.42330
2021-01-07,-14.99328
2021-01-08,-11.65707
2021-01-11,-10.34898
2021-01-12,-9.01611
2021-01-13,-8.72796
2021-01-14,-8.62953
2021-01-15,-10.76003
2021-01-18,.
2021-01-19,-9.23605
2021-01-20,-6.34249
2021-01-21,-4.52171
2021-01-22,-3.34627
2021-01-25,-0.58391
2021-01-26,-1.35008
2021-01-27,-0.90073
2021-01-28,0.13413
2021-01-29,1.12447
2021-02-01,6.97163
2021-02-02,10.44565
2021-02-03,9.43582
2021-02-04,10.30624
2021-02-05,12.83274
2021-02-08,16.85824
2021-02-09,16.68000
2021-02-10,14.78584
2021-02-11,13.24645
2021-02-12,14.35710
2021-02-15,.
2021-02-16,15.29750
2021-02-17,14.59388
2021-02-18,12.33030
2021-02-19,10.79460
2021-02-22,20.07399
2021-02-23,23.86501
2021-02-24,29.87467
2021-02-25,34.47106
2021-02-26,37.29645
2021-03-01,29.41428
2021-03-02,26.29575
2021-03-03,31.10304
2021-03-04,39.01961
2021-03-05,60.62227
2021-03-08,109.43639
2021-03-09,85.72672
2021-03-10,94.53667
2021-03-11,109.18885
2021-03-12,106.77806
2021-03-15,125.69061
2021-03-16,140.43027
2021-03-17,215.18555
2021-03-18,138.93982
2021-03-19,215.34908
2021-03-22,163.52336
